OTU_ID	nr_authors	taxonomicResearchNeeded	cropWildRelatives	horizonInvasives	habitatsDir	marineDir	iasListConcern	redlistFull	birdDir	pollinators
1	6483.0	937.0	0.0	1.0	1.0	0.0	0.0	0.0	0.0	901.0
2	3816.0	19.0	0.0	0.0	1.0	0.0	0.0	1.0	0.0	0.0
3	23.0	0.0	0.0	1.0	0.0	0.0	0.0	0.0	0.0	0.0
4	941.0	476.0	0.0	8.0	15.0	62.0	4.0	24.0	0.0	0.0
5	443.0	59.0	0.0	7.0	4.0	0.0	7.0	0.0	0.0	0.0
6	8811.0	1916.0	0.0	6.0	0.0	0.0	5.0	78.0	0.0	2112.0
7	6849.0	539.0	0.0	1.0	47.0	0.0	0.0	41.0	0.0	1.0
8	351.0	6.0	0.0	0.0	0.0	0.0	0.0	0.0	0.0	0.0
9	14302.0	1617.0	0.0	7.0	55.0	0.0	0.0	131.0	0.0	0.0
10	64.0	15.0	0.0	0.0	0.0	0.0	0.0	3.0	8.0	0.0
11	428.0	24.0	0.0	2.0	6.0	0.0	2.0	0.0	0.0	0.0
12	1091.0	2256.0	0.0	0.0	29.0	0.0	0.0	230.0	0.0	0.0
13	15.0	0.0	0.0	0.0	0.0	0.0	0.0	0.0	0.0	0.0
14	2121.0	1003.0	0.0	0.0	11.0	0.0	0.0	266.0	0.0	0.0
15	1995.0	0.0	0.0	0.0	0.0	0.0	0.0	0.0	0.0	0.0
16	1010.0	256.0	0.0	3.0	138.0	4.0	1.0	115.0	0.0	0.0
17	6.0	0.0	0.0	0.0	0.0	0.0	0.0	0.0	0.0	0.0
18	0.0	0.0	0.0	0.0	0.0	0.0	0.0	0.0	0.0	0.0
19	3.0	0.0	0.0	0.0	0.0	0.0	0.0	0.0	0.0	0.0
20	0.0	0.0	0.0	0.0	0.0	0.0	0.0	0.0	0.0	0.0
21	128.0	0.0	0.0	0.0	0.0	0.0	0.0	0.0	0.0	0.0
22	410.0	0.0	0.0	0.0	0.0	0.0	0.0	0.0	0.0	0.0
23	356.0	691.0	0.0	2.0	2.0	0.0	0.0	323.0	0.0	0.0
24	166.0	1.0	0.0	0.0	1.0	0.0	0.0	0.0	0.0	0.0
25	0.0	0.0	0.0	0.0	0.0	0.0	0.0	0.0	0.0	0.0
26	0.0	0.0	0.0	0.0	0.0	0.0	0.0	0.0	0.0	0.0
27	181.0	30.0	0.0	0.0	2.0	0.0	0.0	0.0	0.0	0.0
28	36.0	0.0	0.0	0.0	0.0	0.0	0.0	0.0	0.0	0.0
29	143.0	0.0	0.0	0.0	0.0	0.0	0.0	0.0	0.0	0.0
30	53.0	9.0	0.0	0.0	0.0	0.0	0.0	0.0	0.0	0.0
31	69.0	0.0	0.0	0.0	0.0	0.0	0.0	0.0	0.0	0.0
32	202.0	5.0	0.0	3.0	2.0	0.0	3.0	0.0	0.0	0.0
33	12.0	0.0	0.0	0.0	0.0	0.0	0.0	0.0	0.0	0.0
34	15.0	0.0	0.0	0.0	0.0	0.0	0.0	0.0	0.0	0.0
35	15.0	0.0	0.0	0.0	0.0	0.0	0.0	0.0	0.0	0.0
36	142.0	14.0	0.0	1.0	0.0	0.0	0.0	0.0	0.0	0.0
37	0.0	0.0	0.0	0.0	0.0	0.0	0.0	0.0	0.0	0.0
38	356.0	2.0	0.0	0.0	0.0	0.0	0.0	0.0	0.0	0.0
39	59.0	0.0	0.0	0.0	0.0	0.0	0.0	0.0	0.0	0.0
40	37.0	1.0	0.0	0.0	0.0	0.0	0.0	0.0	0.0	0.0
41	49.0	0.0	0.0	1.0	0.0	0.0	0.0	0.0	0.0	0.0
42	114.0	0.0	0.0	0.0	0.0	0.0	0.0	0.0	0.0	0.0
43	941.0	75.0	0.0	4.0	17.0	0.0	7.0	0.0	0.0	0.0
44	0.0	0.0	0.0	0.0	0.0	0.0	0.0	0.0	0.0	0.0
45	4193.0	91.0	0.0	0.0	1.0	0.0	0.0	0.0	0.0	0.0
46	9.0	0.0	0.0	0.0	0.0	0.0	0.0	0.0	0.0	0.0
47	5.0	0.0	0.0	0.0	0.0	0.0	0.0	0.0	0.0	0.0
48	85.0	4.0	0.0	0.0	0.0	0.0	0.0	0.0	0.0	0.0
49	15.0	0.0	0.0	0.0	0.0	0.0	0.0	0.0	0.0	0.0
50	0.0	0.0	0.0	0.0	0.0	0.0	0.0	0.0	0.0	0.0
51	1280.0	351.0	0.0	7.0	0.0	0.0	3.0	15.0	35.0	0.0
52	32.0	2.0	0.0	0.0	0.0	0.0	0.0	0.0	0.0	0.0
53	0.0	0.0	0.0	0.0	0.0	0.0	0.0	0.0	0.0	0.0
54	51.0	9.0	0.0	0.0	0.0	0.0	0.0	1.0	1.0	0.0
55	34.0	0.0	0.0	0.0	0.0	0.0	0.0	0.0	0.0	0.0
56	0.0	0.0	0.0	0.0	0.0	0.0	0.0	0.0	0.0	0.0
57	15.0	0.0	0.0	1.0	0.0	0.0	0.0	0.0	0.0	0.0
58	358.0	138.0	0.0	3.0	0.0	0.0	0.0	20.0	0.0	0.0
59	1.0	0.0	0.0	0.0	0.0	0.0	0.0	0.0	0.0	0.0
60	66.0	0.0	0.0	0.0	0.0	0.0	0.0	0.0	0.0	0.0
61	0.0	0.0	0.0	0.0	0.0	0.0	0.0	0.0	0.0	0.0
62	18.0	0.0	0.0	0.0	0.0	0.0	0.0	0.0	0.0	0.0
63	332.0	0.0	0.0	1.0	0.0	0.0	0.0	0.0	0.0	0.0
64	53.0	0.0	0.0	0.0	0.0	0.0	0.0	0.0	0.0	0.0
65	1100.0	0.0	0.0	1.0	0.0	0.0	0.0	0.0	0.0	0.0
66	61.0	0.0	0.0	0.0	0.0	0.0	0.0	0.0	0.0	0.0
67	23.0	0.0	0.0	0.0	0.0	0.0	0.0	0.0	0.0	0.0
68	0.0	0.0	0.0	0.0	0.0	0.0	0.0	0.0	0.0	0.0
69	3.0	0.0	0.0	0.0	0.0	0.0	0.0	0.0	0.0	0.0
70	121.0	0.0	0.0	0.0	0.0	0.0	0.0	0.0	0.0	0.0
71	0.0	4.0	0.0	0.0	0.0	2.0	0.0	0.0	0.0	0.0
72	0.0	0.0	0.0	0.0	0.0	0.0	0.0	0.0	0.0	0.0
73	0.0	0.0	0.0	0.0	0.0	0.0	0.0	0.0	0.0	0.0
74	89.0	8.0	0.0	2.0	7.0	0.0	3.0	5.0	0.0	0.0
75	12.0	0.0	0.0	0.0	0.0	0.0	0.0	0.0	0.0	0.0
76	30.0	0.0	0.0	0.0	0.0	0.0	0.0	0.0	0.0	0.0
77	2191.0	56.0	0.0	4.0	43.0	0.0	2.0	9.0	0.0	0.0
78	0.0	0.0	0.0	0.0	0.0	0.0	0.0	0.0	0.0	0.0
79	38.0	3.0	0.0	0.0	0.0	0.0	0.0	0.0	0.0	0.0
80	4.0	18.0	0.0	0.0	0.0	1.0	0.0	0.0	0.0	0.0
81	336.0	150.0	0.0	0.0	17.0	0.0	0.0	19.0	0.0	0.0
82	0.0	0.0	0.0	0.0	0.0	0.0	0.0	0.0	0.0	0.0
83	11.0	0.0	0.0	0.0	0.0	0.0	0.0	0.0	0.0	0.0
84	0.0	0.0	0.0	0.0	0.0	0.0	0.0	0.0	0.0	0.0
85	3.0	14.0	0.0	0.0	0.0	0.0	0.0	0.0	0.0	0.0
86	105.0	0.0	0.0	0.0	0.0	0.0	0.0	0.0	0.0	0.0
87	144.0	1.0	0.0	0.0	0.0	0.0	0.0	0.0	0.0	0.0
88	74.0	0.0	0.0	0.0	0.0	0.0	0.0	0.0	0.0	0.0
89	71.0	18.0	0.0	0.0	2.0	0.0	0.0	5.0	0.0	0.0
90	157.0	0.0	0.0	0.0	0.0	0.0	0.0	0.0	0.0	0.0
91	303.0	1.0	0.0	0.0	0.0	0.0	0.0	0.0	0.0	0.0
92	36.0	5.0	0.0	0.0	0.0	0.0	0.0	0.0	0.0	0.0
93	0.0	0.0	0.0	0.0	0.0	0.0	0.0	0.0	0.0	0.0
94	302.0	1.0	0.0	0.0	0.0	0.0	0.0	0.0	0.0	0.0
95	49.0	8.0	0.0	0.0	0.0	0.0	0.0	3.0	2.0	0.0
96	0.0	0.0	0.0	0.0	0.0	0.0	0.0	0.0	0.0	0.0
97	669.0	0.0	0.0	0.0	0.0	0.0	0.0	0.0	0.0	0.0
98	104.0	2.0	0.0	0.0	1.0	0.0	0.0	0.0	0.0	0.0
99	170.0	11.0	0.0	0.0	0.0	0.0	0.0	1.0	3.0	0.0
100	0.0	0.0	0.0	0.0	0.0	0.0	0.0	0.0	0.0	0.0
101	10.0	0.0	0.0	0.0	0.0	0.0	0.0	0.0	0.0	0.0
102	0.0	0.0	0.0	0.0	0.0	0.0	0.0	0.0	0.0	0.0
103	342.0	0.0	0.0	0.0	0.0	0.0	0.0	0.0	0.0	0.0
104	0.0	0.0	0.0	0.0	0.0	0.0	0.0	0.0	0.0	0.0
105	962.0	22.0	0.0	0.0	0.0	0.0	0.0	0.0	0.0	0.0
106	13.0	0.0	0.0	0.0	0.0	0.0	0.0	0.0	0.0	0.0
107	17.0	7.0	0.0	2.0	2.0	0.0	0.0	2.0	0.0	0.0
108	34.0	19.0	0.0	0.0	8.0	6.0	0.0	6.0	0.0	0.0
109	19.0	0.0	0.0	0.0	0.0	0.0	0.0	0.0	0.0	0.0
110	420.0	2.0	0.0	0.0	0.0	0.0	0.0	0.0	0.0	0.0
111	468.0	0.0	0.0	0.0	0.0	0.0	0.0	0.0	0.0	0.0
112	4.0	0.0	0.0	0.0	0.0	0.0	0.0	0.0	0.0	0.0
113	19.0	0.0	0.0	0.0	0.0	0.0	0.0	0.0	0.0	0.0
114	0.0	0.0	0.0	0.0	0.0	0.0	0.0	0.0	0.0	0.0
115	1.0	5.0	0.0	0.0	0.0	0.0	0.0	0.0	0.0	0.0
116	31.0	56.0	0.0	0.0	0.0	25.0	2.0	8.0	8.0	0.0
117	601.0	55.0	0.0	0.0	51.0	0.0	0.0	0.0	0.0	0.0
118	241.0	0.0	0.0	0.0	0.0	0.0	0.0	0.0	0.0	0.0
119	59.0	1.0	0.0	0.0	0.0	0.0	0.0	0.0	0.0	0.0
120	0.0	0.0	0.0	0.0	0.0	0.0	0.0	0.0	0.0	0.0
121	0.0	0.0	0.0	0.0	0.0	0.0	0.0	0.0	0.0	0.0
122	0.0	0.0	0.0	0.0	0.0	0.0	0.0	0.0	0.0	0.0
123	0.0	0.0	0.0	0.0	0.0	0.0	0.0	0.0	0.0	0.0
124	17.0	20.0	0.0	0.0	0.0	1.0	0.0	1.0	7.0	0.0
125	60.0	2.0	0.0	0.0	0.0	0.0	0.0	0.0	0.0	0.0
126	145.0	144.0	0.0	0.0	0.0	50.0	0.0	18.0	25.0	0.0
127	515.0	38.0	0.0	2.0	24.0	4.0	4.0	0.0	0.0	0.0
128	139.0	31.0	0.0	0.0	1.0	0.0	0.0	0.0	0.0	0.0
129	4.0	0.0	0.0	0.0	0.0	0.0	0.0	0.0	0.0	0.0
130	4.0	1.0	0.0	0.0	0.0	0.0	0.0	0.0	0.0	0.0
131	0.0	0.0	0.0	0.0	0.0	0.0	0.0	0.0	0.0	0.0
132	238.0	11.0	0.0	0.0	1.0	0.0	0.0	0.0	0.0	0.0
133	0.0	0.0	0.0	0.0	0.0	0.0	0.0	0.0	0.0	0.0
134	225.0	0.0	0.0	0.0	0.0	0.0	0.0	0.0	0.0	0.0
135	375.0	1.0	0.0	0.0	0.0	0.0	0.0	0.0	0.0	0.0
136	40.0	93.0	0.0	0.0	0.0	27.0	0.0	2.0	0.0	0.0
137	19.0	0.0	0.0	0.0	0.0	0.0	0.0	0.0	0.0	0.0
138	46.0	2.0	0.0	0.0	2.0	0.0	0.0	1.0	0.0	0.0
139	54.0	0.0	0.0	0.0	0.0	0.0	0.0	0.0	0.0	0.0
140	5.0	5.0	0.0	0.0	0.0	0.0	0.0	0.0	0.0	0.0
141	388.0	0.0	0.0	0.0	0.0	0.0	0.0	0.0	0.0	0.0
142	74.0	1.0	0.0	0.0	0.0	0.0	0.0	0.0	0.0	0.0
143	100.0	36.0	0.0	0.0	0.0	10.0	0.0	5.0	0.0	0.0
144	69.0	0.0	0.0	0.0	0.0	0.0	0.0	0.0	0.0	0.0
145	20.0	4.0	0.0	0.0	0.0	0.0	0.0	0.0	1.0	0.0
146	0.0	0.0	0.0	0.0	0.0	0.0	0.0	0.0	0.0	0.0
147	21.0	1.0	0.0	0.0	0.0	0.0	0.0	0.0	0.0	0.0
148	71.0	1.0	0.0	0.0	0.0	0.0	0.0	0.0	0.0	0.0
149	0.0	0.0	0.0	0.0	0.0	0.0	0.0	0.0	0.0	0.0
150	31.0	32.0	0.0	0.0	0.0	0.0	0.0	0.0	0.0	0.0
151	1010.0	2.0	0.0	0.0	0.0	0.0	0.0	0.0	0.0	0.0
152	14.0	0.0	0.0	0.0	0.0	0.0	0.0	0.0	0.0	0.0
153	39.0	48.0	0.0	0.0	0.0	1.0	0.0	0.0	0.0	0.0
154	40.0	0.0	0.0	0.0	0.0	0.0	0.0	0.0	0.0	0.0
155	10.0	0.0	0.0	0.0	0.0	0.0	0.0	0.0	0.0	0.0
156	561.0	2.0	0.0	1.0	0.0	0.0	0.0	0.0	0.0	0.0
157	3.0	2.0	0.0	0.0	0.0	0.0	0.0	0.0	1.0	0.0
158	53.0	0.0	0.0	0.0	0.0	0.0	0.0	0.0	0.0	0.0
159	82.0	32.0	0.0	0.0	0.0	0.0	0.0	0.0	0.0	0.0
160	87.0	0.0	0.0	0.0	0.0	0.0	0.0	0.0	0.0	0.0
161	0.0	0.0	0.0	0.0	0.0	0.0	0.0	0.0	0.0	0.0
162	0.0	0.0	0.0	0.0	0.0	0.0	0.0	0.0	0.0	0.0
163	71.0	0.0	0.0	0.0	0.0	0.0	0.0	0.0	0.0	0.0
164	205.0	0.0	0.0	0.0	0.0	0.0	0.0	0.0	0.0	0.0
165	0.0	0.0	0.0	0.0	0.0	0.0	0.0	0.0	0.0	0.0
166	242.0	43.0	0.0	0.0	37.0	28.0	0.0	0.0	0.0	0.0
167	3.0	1.0	0.0	0.0	0.0	0.0	0.0	0.0	0.0	0.0
168	32.0	0.0	0.0	0.0	0.0	0.0	0.0	0.0	0.0	0.0
169	80.0	0.0	0.0	0.0	0.0	0.0	0.0	0.0	0.0	0.0
170	23.0	0.0	0.0	0.0	0.0	0.0	0.0	0.0	0.0	0.0
171	157.0	41.0	0.0	1.0	28.0	0.0	0.0	10.0	0.0	0.0
172	0.0	0.0	0.0	0.0	0.0	0.0	0.0	0.0	0.0	0.0
173	6.0	27.0	0.0	0.0	0.0	2.0	0.0	0.0	0.0	0.0
174	5.0	0.0	0.0	0.0	0.0	0.0	0.0	0.0	0.0	0.0
175	29.0	0.0	0.0	0.0	0.0	0.0	0.0	0.0	0.0	0.0
176	4.0	0.0	0.0	0.0	0.0	0.0	0.0	0.0	0.0	0.0
177	18.0	0.0	0.0	0.0	0.0	0.0	0.0	0.0	0.0	0.0
178	25.0	0.0	0.0	0.0	0.0	0.0	0.0	0.0	0.0	0.0
179	4.0	15.0	0.0	0.0	0.0	0.0	0.0	0.0	0.0	0.0
180	8.0	0.0	0.0	0.0	0.0	0.0	0.0	0.0	0.0	0.0
181	1.0	0.0	0.0	0.0	0.0	0.0	0.0	0.0	0.0	0.0
182	33.0	28.0	0.0	0.0	0.0	15.0	0.0	10.0	0.0	0.0
183	25.0	33.0	0.0	0.0	0.0	3.0	0.0	0.0	0.0	0.0
184	45.0	33.0	0.0	0.0	0.0	5.0	0.0	0.0	0.0	0.0
185	0.0	0.0	0.0	0.0	0.0	0.0	0.0	0.0	0.0	0.0
186	0.0	0.0	0.0	0.0	0.0	0.0	0.0	0.0	0.0	0.0
187	0.0	7.0	0.0	0.0	0.0	1.0	0.0	0.0	0.0	0.0
188	0.0	0.0	0.0	0.0	0.0	0.0	0.0	0.0	0.0	0.0
189	0.0	0.0	0.0	0.0	0.0	0.0	0.0	0.0	0.0	0.0
190	185.0	4.0	0.0	1.0	0.0	0.0	0.0	0.0	0.0	0.0
191	25.0	0.0	0.0	0.0	0.0	0.0	0.0	0.0	0.0	0.0
192	29.0	1.0	0.0	2.0	1.0	0.0	1.0	0.0	0.0	0.0
193	0.0	0.0	0.0	0.0	0.0	0.0	0.0	0.0	0.0	0.0
194	0.0	0.0	0.0	0.0	0.0	0.0	0.0	0.0	0.0	0.0
195	6.0	0.0	0.0	0.0	0.0	0.0	0.0	0.0	0.0	0.0
196	312.0	0.0	0.0	0.0	0.0	0.0	0.0	0.0	0.0	0.0
197	3.0	0.0	0.0	0.0	0.0	0.0	0.0	0.0	0.0	0.0
198	14.0	0.0	0.0	0.0	0.0	0.0	0.0	0.0	0.0	0.0
199	351.0	1.0	0.0	0.0	0.0	0.0	0.0	0.0	0.0	0.0
200	0.0	0.0	0.0	0.0	0.0	0.0	0.0	0.0	0.0	0.0
201	0.0	0.0	0.0	0.0	0.0	0.0	0.0	0.0	0.0	0.0
202	0.0	0.0	0.0	0.0	0.0	0.0	0.0	0.0	0.0	0.0
203	10.0	0.0	0.0	0.0	0.0	0.0	0.0	0.0	0.0	0.0
204	38.0	7.0	0.0	1.0	0.0	0.0	0.0	0.0	0.0	0.0
205	0.0	0.0	0.0	0.0	0.0	0.0	0.0	0.0	0.0	0.0
206	8.0	4.0	0.0	0.0	0.0	0.0	0.0	2.0	3.0	0.0
207	228.0	2.0	0.0	0.0	0.0	0.0	0.0	0.0	0.0	0.0
208	11.0	0.0	0.0	0.0	0.0	0.0	0.0	0.0	0.0	0.0
209	31.0	0.0	0.0	0.0	0.0	0.0	0.0	0.0	0.0	0.0
210	2.0	0.0	0.0	0.0	0.0	0.0	0.0	0.0	0.0	0.0
211	0.0	0.0	0.0	0.0	0.0	0.0	0.0	0.0	0.0	0.0
212	0.0	0.0	0.0	0.0	0.0	0.0	0.0	0.0	0.0	0.0
213	3.0	17.0	0.0	0.0	1.0	0.0	0.0	0.0	0.0	0.0
214	18.0	0.0	0.0	0.0	0.0	0.0	0.0	0.0	0.0	0.0
215	14.0	38.0	0.0	0.0	0.0	0.0	0.0	0.0	0.0	0.0
216	0.0	0.0	0.0	0.0	0.0	0.0	0.0	0.0	0.0	0.0
217	92.0	28.0	0.0	0.0	0.0	18.0	0.0	7.0	11.0	0.0
218	59.0	0.0	0.0	0.0	0.0	0.0	0.0	0.0	0.0	0.0
219	0.0	0.0	0.0	0.0	0.0	0.0	0.0	0.0	0.0	0.0
220	30.0	11.0	0.0	0.0	0.0	5.0	0.0	7.0	0.0	0.0
221	0.0	0.0	0.0	0.0	0.0	0.0	0.0	0.0	0.0	0.0
222	1.0	0.0	0.0	0.0	0.0	0.0	0.0	0.0	0.0	0.0
223	0.0	0.0	0.0	0.0	0.0	0.0	0.0	0.0	0.0	0.0
224	181.0	0.0	0.0	0.0	0.0	0.0	0.0	0.0	0.0	0.0
225	4.0	0.0	0.0	0.0	0.0	0.0	0.0	0.0	0.0	0.0
226	453.0	0.0	0.0	0.0	0.0	0.0	0.0	0.0	0.0	0.0
227	6.0	0.0	0.0	0.0	0.0	0.0	0.0	0.0	0.0	0.0
228	0.0	0.0	0.0	0.0	0.0	0.0	0.0	0.0	0.0	0.0
229	0.0	0.0	0.0	0.0	0.0	0.0	0.0	0.0	0.0	0.0
230	508.0	33.0	0.0	0.0	11.0	0.0	0.0	9.0	0.0	0.0
231	32.0	0.0	0.0	0.0	0.0	0.0	0.0	0.0	0.0	0.0
232	36.0	0.0	0.0	0.0	0.0	0.0	0.0	0.0	0.0	0.0
233	41.0	0.0	0.0	0.0	0.0	0.0	0.0	0.0	0.0	0.0
234	76.0	81.0	0.0	1.0	14.0	18.0	0.0	6.0	0.0	0.0
235	23.0	0.0	0.0	0.0	0.0	0.0	0.0	0.0	0.0	0.0
236	0.0	0.0	0.0	0.0	0.0	0.0	0.0	0.0	0.0	0.0
237	12.0	39.0	0.0	0.0	0.0	0.0	0.0	0.0	0.0	0.0
238	103.0	13.0	0.0	0.0	0.0	0.0	0.0	0.0	6.0	0.0
239	20.0	0.0	0.0	0.0	0.0	0.0	0.0	0.0	0.0	0.0
240	0.0	0.0	0.0	0.0	0.0	0.0	0.0	0.0	0.0	0.0
241	2.0	0.0	0.0	0.0	0.0	0.0	0.0	0.0	0.0	0.0
242	5.0	0.0	0.0	0.0	0.0	0.0	0.0	0.0	0.0	0.0
243	32.0	0.0	0.0	0.0	0.0	0.0	0.0	0.0	0.0	0.0
244	14.0	63.0	0.0	0.0	0.0	0.0	0.0	0.0	0.0	0.0
245	34.0	37.0	0.0	0.0	0.0	16.0	0.0	7.0	0.0	0.0
246	14.0	0.0	0.0	0.0	0.0	0.0	0.0	0.0	0.0	0.0
247	0.0	0.0	0.0	0.0	0.0	0.0	0.0	0.0	0.0	0.0
248	13.0	0.0	0.0	0.0	0.0	0.0	0.0	0.0	0.0	0.0
249	5.0	0.0	0.0	0.0	0.0	0.0	0.0	0.0	0.0	0.0
250	0.0	0.0	0.0	0.0	0.0	0.0	0.0	0.0	0.0	0.0
251	0.0	0.0	0.0	0.0	0.0	0.0	0.0	0.0	0.0	0.0
252	56.0	0.0	0.0	0.0	0.0	0.0	0.0	0.0	0.0	0.0
253	10.0	0.0	0.0	0.0	0.0	0.0	0.0	0.0	0.0	0.0
254	101.0	0.0	0.0	0.0	0.0	0.0	0.0	0.0	0.0	0.0
255	1.0	0.0	0.0	0.0	0.0	0.0	0.0	0.0	0.0	0.0
256	5.0	0.0	0.0	0.0	0.0	0.0	0.0	0.0	0.0	0.0
257	0.0	0.0	0.0	0.0	0.0	0.0	0.0	0.0	0.0	0.0
258	83.0	85.0	0.0	0.0	0.0	2.0	0.0	0.0	0.0	0.0
259	4.0	0.0	0.0	0.0	0.0	0.0	0.0	0.0	0.0	0.0
260	0.0	0.0	0.0	0.0	0.0	0.0	0.0	0.0	0.0	0.0
261	0.0	0.0	0.0	0.0	0.0	0.0	0.0	0.0	0.0	0.0
262	17.0	0.0	0.0	0.0	0.0	0.0	0.0	0.0	0.0	0.0
263	26.0	157.0	0.0	0.0	0.0	0.0	0.0	0.0	0.0	0.0
264	22.0	0.0	0.0	0.0	0.0	0.0	0.0	0.0	0.0	0.0
265	0.0	0.0	0.0	0.0	1.0	0.0	0.0	0.0	0.0	0.0
266	0.0	0.0	0.0	0.0	0.0	0.0	0.0	0.0	0.0	0.0
267	3.0	0.0	0.0	0.0	0.0	0.0	0.0	0.0	0.0	0.0
268	3.0	0.0	0.0	0.0	0.0	0.0	0.0	0.0	0.0	0.0
269	6.0	19.0	0.0	0.0	0.0	1.0	0.0	1.0	0.0	0.0
270	33.0	4.0	0.0	0.0	0.0	0.0	0.0	4.0	0.0	0.0
271	1.0	0.0	0.0	0.0	0.0	0.0	0.0	0.0	0.0	0.0
272	378.0	1.0	0.0	0.0	0.0	0.0	0.0	0.0	0.0	0.0
273	14.0	1.0	0.0	1.0	0.0	0.0	0.0	0.0	0.0	0.0
274	0.0	0.0	0.0	0.0	0.0	0.0	0.0	0.0	0.0	0.0
275	2.0	0.0	0.0	0.0	0.0	0.0	0.0	0.0	0.0	0.0
276	3.0	24.0	0.0	0.0	0.0	0.0	0.0	0.0	0.0	0.0
277	9.0	0.0	0.0	0.0	0.0	0.0	0.0	0.0	0.0	0.0
278	0.0	0.0	0.0	0.0	0.0	0.0	0.0	0.0	0.0	0.0
279	16.0	0.0	0.0	0.0	0.0	0.0	0.0	0.0	0.0	0.0
280	5.0	0.0	0.0	0.0	0.0	0.0	0.0	0.0	0.0	0.0
281	2.0	0.0	0.0	0.0	0.0	0.0	0.0	0.0	0.0	0.0
282	15.0	0.0	0.0	0.0	0.0	0.0	0.0	0.0	0.0	0.0
283	0.0	0.0	0.0	0.0	0.0	0.0	0.0	0.0	0.0	0.0
284	31.0	0.0	0.0	1.0	0.0	0.0	0.0	0.0	0.0	0.0
285	94.0	19.0	0.0	0.0	0.0	0.0	0.0	1.0	5.0	0.0
286	0.0	0.0	0.0	0.0	0.0	0.0	0.0	0.0	0.0	0.0
287	11.0	0.0	0.0	0.0	0.0	0.0	0.0	0.0	0.0	0.0
288	34.0	0.0	0.0	3.0	0.0	0.0	0.0	0.0	0.0	0.0
289	24.0	0.0	0.0	0.0	0.0	0.0	0.0	0.0	0.0	0.0
290	0.0	14.0	0.0	0.0	0.0	0.0	0.0	0.0	0.0	0.0
291	0.0	0.0	0.0	0.0	0.0	0.0	0.0	0.0	0.0	0.0
292	8.0	0.0	0.0	0.0	0.0	0.0	0.0	0.0	0.0	0.0
293	0.0	0.0	0.0	0.0	0.0	0.0	0.0	0.0	0.0	0.0
294	6.0	0.0	0.0	0.0	0.0	0.0	0.0	0.0	0.0	0.0
295	0.0	0.0	0.0	0.0	0.0	0.0	0.0	0.0	0.0	0.0
296	62.0	0.0	0.0	0.0	0.0	0.0	0.0	0.0	0.0	0.0
297	0.0	0.0	0.0	0.0	0.0	0.0	0.0	0.0	0.0	0.0
298	270.0	0.0	0.0	0.0	0.0	0.0	0.0	0.0	0.0	0.0
299	25.0	0.0	0.0	0.0	0.0	0.0	0.0	0.0	0.0	0.0
300	9.0	0.0	0.0	0.0	0.0	0.0	0.0	0.0	0.0	0.0
301	0.0	0.0	0.0	0.0	0.0	0.0	0.0	0.0	0.0	0.0
302	32.0	1.0	0.0	0.0	2.0	0.0	0.0	0.0	0.0	0.0
303	3.0	12.0	0.0	0.0	0.0	0.0	0.0	0.0	0.0	0.0
304	8.0	0.0	0.0	0.0	0.0	0.0	0.0	0.0	0.0	0.0
305	14.0	0.0	0.0	0.0	0.0	0.0	0.0	0.0	0.0	0.0
306	5.0	0.0	0.0	0.0	0.0	0.0	0.0	0.0	0.0	0.0
307	0.0	0.0	0.0	0.0	0.0	0.0	0.0	0.0	0.0	0.0
308	39.0	0.0	0.0	0.0	0.0	0.0	0.0	0.0	0.0	0.0
309	28.0	0.0	0.0	0.0	0.0	0.0	0.0	0.0	0.0	0.0
310	3.0	0.0	0.0	0.0	0.0	0.0	0.0	0.0	0.0	0.0
311	0.0	0.0	0.0	0.0	0.0	0.0	0.0	0.0	0.0	0.0
312	0.0	0.0	0.0	0.0	0.0	0.0	0.0	0.0	0.0	0.0
313	14.0	0.0	0.0	0.0	0.0	0.0	0.0	0.0	0.0	0.0
314	5.0	0.0	0.0	0.0	0.0	0.0	0.0	0.0	0.0	0.0
315	25.0	27.0	0.0	0.0	0.0	2.0	0.0	0.0	0.0	0.0
316	15.0	0.0	0.0	0.0	0.0	0.0	0.0	0.0	0.0	0.0
317	223.0	0.0	0.0	1.0	0.0	0.0	1.0	0.0	0.0	0.0
318	0.0	0.0	0.0	0.0	0.0	0.0	0.0	0.0	0.0	0.0
319	17.0	51.0	0.0	0.0	0.0	23.0	0.0	3.0	0.0	0.0
320	1.0	5.0	0.0	0.0	0.0	0.0	0.0	0.0	0.0	0.0
321	10.0	0.0	0.0	0.0	0.0	0.0	0.0	0.0	0.0	0.0
322	84.0	43.0	0.0	0.0	0.0	0.0	0.0	0.0	0.0	0.0
323	0.0	0.0	0.0	0.0	0.0	0.0	0.0	0.0	0.0	0.0
324	3.0	0.0	0.0	0.0	0.0	0.0	0.0	0.0	0.0	0.0
325	0.0	0.0	0.0	0.0	0.0	0.0	0.0	0.0	0.0	0.0
326	155.0	0.0	0.0	0.0	0.0	0.0	0.0	0.0	0.0	0.0
327	56.0	9.0	0.0	0.0	1.0	0.0	0.0	0.0	0.0	0.0
328	0.0	0.0	0.0	0.0	0.0	0.0	0.0	0.0	0.0	0.0
329	64.0	67.0	0.0	0.0	0.0	3.0	0.0	1.0	0.0	0.0
330	0.0	0.0	0.0	0.0	0.0	0.0	0.0	0.0	0.0	0.0
331	13.0	0.0	0.0	0.0	0.0	0.0	0.0	0.0	0.0	0.0
332	16.0	0.0	0.0	0.0	0.0	0.0	0.0	0.0	0.0	0.0
333	1.0	12.0	0.0	0.0	0.0	0.0	0.0	0.0	0.0	0.0
334	5.0	0.0	0.0	0.0	0.0	0.0	0.0	0.0	0.0	0.0
335	0.0	0.0	0.0	0.0	0.0	0.0	0.0	0.0	0.0	0.0
336	38.0	0.0	0.0	0.0	0.0	0.0	0.0	0.0	0.0	0.0
337	18.0	0.0	0.0	0.0	0.0	0.0	0.0	0.0	0.0	0.0
338	0.0	0.0	0.0	0.0	0.0	0.0	0.0	0.0	0.0	0.0
339	11.0	10.0	0.0	0.0	0.0	3.0	0.0	0.0	0.0	0.0
340	0.0	0.0	0.0	0.0	0.0	0.0	0.0	0.0	0.0	0.0
341	0.0	0.0	0.0	0.0	0.0	0.0	0.0	0.0	0.0	0.0
342	15.0	0.0	0.0	0.0	0.0	0.0	0.0	0.0	0.0	0.0
343	0.0	0.0	0.0	0.0	0.0	0.0	0.0	0.0	0.0	0.0
344	0.0	0.0	0.0	0.0	0.0	0.0	0.0	0.0	0.0	0.0
345	2.0	0.0	0.0	0.0	0.0	0.0	0.0	0.0	0.0	0.0
346	121.0	36.0	0.0	0.0	0.0	1.0	0.0	6.0	24.0	0.0
347	1.0	0.0	0.0	0.0	0.0	0.0	0.0	0.0	0.0	0.0
348	4.0	1.0	0.0	0.0	0.0	0.0	0.0	0.0	0.0	0.0
349	30.0	0.0	0.0	0.0	0.0	0.0	0.0	0.0	0.0	0.0
350	193.0	0.0	0.0	0.0	0.0	0.0	0.0	0.0	0.0	0.0
351	0.0	0.0	0.0	0.0	0.0	0.0	0.0	0.0	0.0	0.0
352	7.0	5.0	0.0	0.0	0.0	0.0	0.0	0.0	0.0	0.0
353	0.0	0.0	0.0	0.0	0.0	0.0	0.0	0.0	0.0	0.0
354	0.0	0.0	0.0	0.0	0.0	0.0	0.0	0.0	0.0	0.0
355	12.0	0.0	0.0	0.0	0.0	0.0	0.0	0.0	0.0	0.0
356	2.0	0.0	0.0	0.0	0.0	0.0	0.0	0.0	0.0	0.0
357	17.0	0.0	0.0	0.0	0.0	0.0	0.0	0.0	0.0	0.0
358	0.0	0.0	0.0	0.0	0.0	0.0	0.0	0.0	0.0	0.0
359	16.0	0.0	0.0	0.0	0.0	0.0	0.0	0.0	0.0	0.0
360	241.0	0.0	0.0	0.0	0.0	0.0	0.0	0.0	0.0	0.0
361	0.0	0.0	0.0	0.0	0.0	0.0	0.0	0.0	0.0	0.0
362	19.0	0.0	0.0	0.0	0.0	0.0	0.0	0.0	0.0	0.0
363	6.0	0.0	0.0	0.0	0.0	0.0	0.0	0.0	0.0	0.0
364	0.0	0.0	0.0	0.0	0.0	0.0	0.0	0.0	0.0	0.0
365	60.0	10.0	0.0	0.0	12.0	2.0	0.0	1.0	0.0	0.0
366	73.0	3.0	0.0	0.0	0.0	0.0	0.0	0.0	0.0	0.0
367	0.0	0.0	0.0	0.0	0.0	0.0	0.0	0.0	0.0	0.0
368	0.0	0.0	0.0	0.0	0.0	0.0	0.0	0.0	0.0	0.0
369	0.0	0.0	0.0	0.0	0.0	0.0	0.0	0.0	0.0	0.0
370	0.0	0.0	0.0	0.0	0.0	0.0	0.0	0.0	0.0	0.0
371	26.0	102.0	0.0	0.0	0.0	0.0	0.0	0.0	0.0	0.0
372	27.0	3.0	0.0	0.0	1.0	0.0	0.0	0.0	0.0	0.0
373	0.0	0.0	0.0	0.0	0.0	0.0	0.0	0.0	0.0	0.0
374	4.0	0.0	0.0	0.0	0.0	0.0	0.0	0.0	0.0	0.0
375	31.0	0.0	0.0	0.0	0.0	0.0	0.0	0.0	0.0	0.0
376	12.0	3.0	0.0	0.0	0.0	0.0	0.0	0.0	0.0	0.0
377	0.0	12.0	0.0	0.0	0.0	0.0	0.0	0.0	0.0	0.0
378	1.0	0.0	0.0	0.0	0.0	0.0	0.0	0.0	0.0	0.0
379	15.0	0.0	0.0	0.0	0.0	0.0	0.0	0.0	0.0	0.0
380	2.0	0.0	0.0	0.0	0.0	0.0	0.0	0.0	0.0	0.0
381	0.0	0.0	0.0	0.0	0.0	0.0	0.0	0.0	0.0	0.0
382	0.0	0.0	0.0	0.0	0.0	0.0	0.0	0.0	0.0	0.0
383	0.0	0.0	0.0	0.0	0.0	0.0	0.0	0.0	0.0	0.0
384	0.0	0.0	0.0	0.0	0.0	0.0	0.0	0.0	0.0	0.0
385	0.0	0.0	0.0	0.0	0.0	0.0	0.0	0.0	0.0	0.0
386	0.0	0.0	0.0	0.0	0.0	0.0	0.0	0.0	0.0	0.0
387	0.0	0.0	0.0	0.0	0.0	0.0	0.0	0.0	0.0	0.0
388	41.0	0.0	0.0	0.0	0.0	0.0	0.0	0.0	0.0	0.0
389	10.0	75.0	0.0	0.0	0.0	4.0	0.0	0.0	0.0	0.0
390	99.0	0.0	0.0	0.0	0.0	0.0	0.0	0.0	0.0	0.0
391	621.0	0.0	0.0	0.0	0.0	0.0	0.0	0.0	0.0	0.0
392	0.0	0.0	0.0	0.0	0.0	0.0	0.0	0.0	0.0	0.0
393	33.0	7.0	0.0	0.0	0.0	1.0	0.0	0.0	0.0	0.0
394	0.0	0.0	0.0	0.0	0.0	0.0	0.0	0.0	0.0	0.0
395	0.0	0.0	0.0	0.0	0.0	0.0	0.0	0.0	0.0	0.0
396	0.0	0.0	0.0	0.0	0.0	0.0	0.0	0.0	0.0	0.0
397	0.0	0.0	0.0	0.0	0.0	0.0	0.0	0.0	0.0	0.0
398	0.0	0.0	0.0	0.0	0.0	0.0	0.0	0.0	0.0	0.0
399	2.0	0.0	0.0	0.0	0.0	0.0	0.0	0.0	0.0	0.0
400	4.0	1.0	0.0	0.0	0.0	0.0	0.0	0.0	0.0	0.0
401	0.0	0.0	0.0	0.0	0.0	0.0	0.0	0.0	0.0	0.0
402	7.0	0.0	0.0	0.0	0.0	0.0	0.0	0.0	0.0	0.0
403	53.0	0.0	0.0	2.0	0.0	0.0	0.0	0.0	0.0	0.0
404	16.0	1.0	0.0	0.0	0.0	0.0	0.0	0.0	0.0	0.0
405	46.0	0.0	0.0	0.0	0.0	0.0	0.0	0.0	0.0	0.0
406	98.0	38.0	0.0	0.0	0.0	0.0	0.0	2.0	0.0	0.0
407	0.0	0.0	0.0	0.0	0.0	0.0	0.0	0.0	0.0	0.0
408	0.0	0.0	0.0	0.0	0.0	0.0	0.0	0.0	0.0	0.0
409	1.0	0.0	0.0	0.0	0.0	0.0	0.0	0.0	0.0	0.0
410	31.0	13.0	0.0	0.0	0.0	0.0	0.0	2.0	8.0	0.0
411	10.0	0.0	0.0	0.0	0.0	0.0	0.0	0.0	0.0	0.0
412	19.0	0.0	0.0	0.0	0.0	0.0	0.0	0.0	0.0	0.0
413	4.0	0.0	0.0	0.0	0.0	0.0	0.0	0.0	0.0	0.0
414	0.0	0.0	0.0	0.0	0.0	0.0	0.0	0.0	0.0	0.0
415	4.0	0.0	0.0	0.0	0.0	0.0	0.0	0.0	0.0	0.0
416	0.0	0.0	0.0	0.0	0.0	0.0	0.0	0.0	0.0	0.0
417	0.0	0.0	0.0	0.0	0.0	0.0	0.0	0.0	0.0	0.0
418	0.0	0.0	0.0	0.0	0.0	0.0	0.0	0.0	0.0	0.0
419	0.0	0.0	0.0	0.0	0.0	0.0	0.0	0.0	0.0	0.0
420	55.0	0.0	0.0	0.0	0.0	0.0	0.0	0.0	0.0	0.0
421	0.0	0.0	0.0	0.0	0.0	0.0	0.0	0.0	0.0	0.0
422	32.0	0.0	0.0	0.0	0.0	0.0	0.0	0.0	0.0	0.0
423	0.0	0.0	0.0	0.0	0.0	0.0	0.0	0.0	0.0	0.0
424	0.0	0.0	0.0	0.0	0.0	0.0	0.0	0.0	0.0	0.0
425	3.0	0.0	0.0	0.0	0.0	0.0	0.0	0.0	0.0	0.0
426	0.0	0.0	0.0	0.0	0.0	0.0	0.0	0.0	0.0	0.0
427	85.0	0.0	0.0	0.0	0.0	0.0	0.0	0.0	0.0	0.0
428	54.0	0.0	0.0	0.0	0.0	0.0	0.0	0.0	0.0	0.0
429	0.0	0.0	0.0	0.0	0.0	0.0	0.0	0.0	0.0	0.0
430	0.0	1.0	0.0	0.0	0.0	0.0	0.0	0.0	0.0	0.0
431	0.0	0.0	0.0	0.0	0.0	0.0	0.0	0.0	0.0	0.0
432	4.0	0.0	0.0	0.0	0.0	0.0	0.0	0.0	0.0	0.0
433	0.0	0.0	0.0	0.0	0.0	0.0	0.0	0.0	0.0	0.0
434	16.0	0.0	0.0	0.0	0.0	0.0	0.0	0.0	0.0	0.0
435	0.0	0.0	0.0	0.0	0.0	0.0	0.0	0.0	0.0	0.0
436	0.0	0.0	0.0	0.0	0.0	0.0	0.0	0.0	0.0	0.0
437	2.0	0.0	0.0	0.0	0.0	0.0	0.0	0.0	0.0	0.0
438	34.0	29.0	0.0	0.0	0.0	2.0	1.0	0.0	10.0	0.0
439	11.0	0.0	0.0	0.0	0.0	0.0	0.0	0.0	0.0	0.0
440	0.0	0.0	0.0	0.0	0.0	0.0	0.0	0.0	0.0	0.0
441	2.0	0.0	0.0	0.0	0.0	0.0	0.0	0.0	0.0	0.0
442	100.0	0.0	0.0	0.0	0.0	0.0	0.0	0.0	0.0	0.0
443	0.0	0.0	0.0	0.0	0.0	0.0	0.0	0.0	0.0	0.0
444	0.0	0.0	0.0	0.0	0.0	0.0	0.0	0.0	0.0	0.0
445	70.0	0.0	0.0	0.0	0.0	0.0	0.0	0.0	0.0	0.0
446	0.0	0.0	0.0	0.0	0.0	0.0	0.0	0.0	0.0	0.0
447	3.0	5.0	0.0	0.0	0.0	0.0	0.0	2.0	2.0	0.0
448	16.0	2.0	0.0	0.0	0.0	0.0	0.0	0.0	0.0	0.0
449	8.0	0.0	0.0	0.0	0.0	0.0	0.0	0.0	0.0	0.0
450	13.0	0.0	0.0	0.0	0.0	0.0	0.0	0.0	0.0	0.0
451	0.0	0.0	0.0	0.0	0.0	0.0	0.0	0.0	0.0	0.0
452	4.0	0.0	0.0	0.0	0.0	0.0	0.0	0.0	0.0	0.0
453	1.0	0.0	0.0	0.0	0.0	0.0	0.0	0.0	0.0	0.0
454	18.0	4.0	0.0	0.0	0.0	0.0	0.0	0.0	0.0	0.0
455	0.0	1.0	0.0	0.0	0.0	0.0	0.0	0.0	0.0	0.0
456	17.0	0.0	0.0	0.0	0.0	0.0	0.0	0.0	0.0	0.0
457	7.0	0.0	0.0	0.0	0.0	0.0	0.0	0.0	0.0	0.0
458	41.0	0.0	0.0	0.0	0.0	0.0	0.0	0.0	0.0	0.0
459	13.0	0.0	0.0	0.0	0.0	0.0	0.0	0.0	0.0	0.0
460	0.0	0.0	0.0	0.0	0.0	0.0	0.0	0.0	0.0	0.0
461	17.0	0.0	0.0	0.0	0.0	0.0	0.0	0.0	0.0	0.0
462	0.0	0.0	0.0	0.0	0.0	0.0	0.0	0.0	0.0	0.0
463	0.0	0.0	0.0	0.0	0.0	0.0	0.0	0.0	0.0	0.0
464	0.0	0.0	0.0	0.0	0.0	0.0	0.0	0.0	0.0	0.0
465	12.0	0.0	0.0	0.0	0.0	0.0	0.0	0.0	0.0	0.0
466	9.0	0.0	0.0	0.0	0.0	0.0	0.0	0.0	0.0	0.0
467	1.0	0.0	0.0	0.0	0.0	0.0	0.0	0.0	0.0	0.0
468	28.0	0.0	0.0	0.0	0.0	0.0	0.0	0.0	0.0	0.0
469	0.0	0.0	0.0	0.0	0.0	0.0	0.0	0.0	0.0	0.0
470	0.0	0.0	0.0	0.0	0.0	0.0	0.0	0.0	0.0	0.0
471	0.0	0.0	0.0	0.0	0.0	0.0	0.0	0.0	0.0	0.0
472	0.0	0.0	0.0	0.0	0.0	0.0	0.0	0.0	0.0	0.0
473	0.0	0.0	0.0	0.0	0.0	0.0	0.0	0.0	0.0	0.0
474	0.0	0.0	0.0	0.0	0.0	0.0	0.0	0.0	0.0	0.0
475	4.0	1.0	0.0	0.0	0.0	0.0	0.0	0.0	0.0	0.0
476	0.0	0.0	0.0	0.0	0.0	0.0	0.0	0.0	0.0	0.0
477	24.0	0.0	0.0	0.0	0.0	0.0	0.0	0.0	0.0	0.0
478	0.0	0.0	0.0	0.0	0.0	0.0	0.0	0.0	0.0	0.0
479	34.0	0.0	0.0	0.0	0.0	0.0	0.0	0.0	0.0	0.0
480	30.0	0.0	0.0	0.0	0.0	0.0	0.0	0.0	0.0	0.0
481	0.0	0.0	0.0	0.0	0.0	0.0	0.0	0.0	0.0	0.0
482	9.0	0.0	0.0	0.0	0.0	0.0	0.0	0.0	0.0	0.0
483	8.0	3.0	0.0	0.0	0.0	1.0	0.0	0.0	0.0	0.0
484	5.0	10.0	0.0	0.0	0.0	3.0	0.0	0.0	1.0	0.0
485	128.0	14.0	0.0	0.0	0.0	3.0	0.0	6.0	0.0	0.0
486	1.0	0.0	0.0	0.0	0.0	0.0	0.0	0.0	0.0	0.0
487	40.0	14.0	0.0	0.0	0.0	1.0	0.0	0.0	0.0	0.0
488	3.0	0.0	0.0	0.0	0.0	0.0	0.0	0.0	0.0	0.0
489	2.0	0.0	0.0	0.0	0.0	0.0	0.0	0.0	0.0	0.0
490	0.0	0.0	0.0	0.0	0.0	0.0	0.0	0.0	0.0	0.0
491	1.0	0.0	0.0	0.0	0.0	0.0	0.0	0.0	0.0	0.0
492	0.0	0.0	0.0	0.0	0.0	0.0	0.0	0.0	0.0	0.0
493	0.0	0.0	0.0	0.0	0.0	0.0	0.0	0.0	0.0	0.0
494	0.0	0.0	0.0	0.0	0.0	0.0	0.0	0.0	0.0	0.0
495	3.0	0.0	0.0	0.0	0.0	0.0	0.0	0.0	0.0	0.0
496	4.0	0.0	0.0	0.0	0.0	0.0	0.0	0.0	0.0	0.0
497	74.0	0.0	0.0	0.0	0.0	0.0	0.0	0.0	0.0	0.0
498	0.0	5.0	0.0	0.0	0.0	2.0	0.0	2.0	3.0	0.0
499	0.0	0.0	0.0	0.0	0.0	0.0	0.0	0.0	0.0	0.0
500	9.0	7.0	0.0	0.0	0.0	4.0	0.0	0.0	1.0	0.0
501	0.0	7.0	0.0	0.0	0.0	0.0	0.0	0.0	0.0	0.0
502	0.0	0.0	0.0	0.0	0.0	0.0	0.0	0.0	0.0	0.0
503	31.0	0.0	0.0	0.0	0.0	0.0	0.0	0.0	0.0	0.0
504	86.0	0.0	0.0	0.0	0.0	0.0	0.0	0.0	0.0	0.0
505	0.0	0.0	0.0	0.0	0.0	0.0	0.0	0.0	0.0	0.0
506	0.0	0.0	0.0	0.0	0.0	0.0	0.0	0.0	0.0	0.0
507	0.0	0.0	0.0	0.0	0.0	0.0	0.0	0.0	0.0	0.0
508	0.0	0.0	0.0	0.0	0.0	0.0	0.0	0.0	0.0	0.0
509	3.0	0.0	0.0	0.0	0.0	0.0	0.0	0.0	0.0	0.0
510	0.0	0.0	0.0	0.0	0.0	0.0	0.0	0.0	0.0	0.0
511	0.0	0.0	0.0	0.0	0.0	0.0	0.0	0.0	0.0	0.0
512	281.0	0.0	0.0	0.0	0.0	0.0	0.0	0.0	0.0	0.0
513	0.0	0.0	0.0	0.0	0.0	0.0	0.0	0.0	0.0	0.0
514	0.0	0.0	0.0	0.0	0.0	0.0	0.0	0.0	0.0	0.0
515	2.0	0.0	0.0	0.0	0.0	0.0	0.0	0.0	0.0	0.0
516	0.0	0.0	0.0	0.0	0.0	0.0	0.0	0.0	0.0	0.0
517	0.0	0.0	0.0	0.0	0.0	0.0	0.0	0.0	0.0	0.0
518	0.0	0.0	0.0	0.0	0.0	0.0	0.0	0.0	0.0	0.0
519	0.0	0.0	0.0	0.0	0.0	0.0	0.0	0.0	0.0	0.0
520	0.0	0.0	0.0	0.0	0.0	0.0	0.0	0.0	0.0	0.0
521	2.0	0.0	0.0	0.0	0.0	0.0	0.0	0.0	0.0	0.0
522	9.0	0.0	0.0	0.0	0.0	0.0	0.0	0.0	0.0	0.0
523	0.0	0.0	0.0	0.0	0.0	0.0	0.0	0.0	0.0	0.0
524	0.0	0.0	0.0	0.0	0.0	0.0	0.0	0.0	0.0	0.0
525	24.0	0.0	0.0	0.0	0.0	0.0	0.0	0.0	0.0	0.0
526	4.0	0.0	0.0	0.0	0.0	0.0	0.0	0.0	0.0	0.0
527	55.0	0.0	0.0	0.0	0.0	0.0	0.0	0.0	0.0	0.0
528	0.0	0.0	0.0	0.0	0.0	0.0	0.0	0.0	0.0	0.0
529	0.0	0.0	0.0	0.0	0.0	0.0	0.0	0.0	0.0	0.0
530	0.0	0.0	0.0	0.0	0.0	0.0	0.0	0.0	0.0	0.0
531	161.0	0.0	0.0	0.0	0.0	0.0	0.0	0.0	0.0	0.0
532	0.0	0.0	0.0	0.0	0.0	0.0	0.0	0.0	0.0	0.0
533	0.0	0.0	0.0	0.0	0.0	0.0	0.0	0.0	0.0	0.0
534	32.0	0.0	0.0	0.0	0.0	0.0	0.0	0.0	0.0	0.0
535	134.0	91.0	0.0	0.0	38.0	6.0	0.0	49.0	0.0	0.0
536	0.0	0.0	0.0	0.0	0.0	0.0	0.0	0.0	0.0	0.0
537	0.0	0.0	0.0	0.0	0.0	0.0	0.0	0.0	0.0	0.0
538	0.0	0.0	0.0	0.0	0.0	0.0	0.0	0.0	0.0	0.0
539	13.0	10.0	0.0	0.0	0.0	0.0	0.0	2.0	0.0	0.0
540	7.0	0.0	0.0	0.0	0.0	0.0	0.0	0.0	0.0	0.0
541	3.0	0.0	0.0	0.0	0.0	0.0	0.0	0.0	0.0	0.0
542	0.0	0.0	0.0	0.0	0.0	0.0	0.0	0.0	0.0	0.0
543	0.0	0.0	0.0	0.0	0.0	0.0	0.0	0.0	0.0	0.0
544	0.0	0.0	0.0	0.0	0.0	0.0	0.0	0.0	0.0	0.0
545	2.0	0.0	0.0	0.0	0.0	0.0	0.0	0.0	0.0	0.0
546	71.0	5.0	0.0	0.0	0.0	0.0	0.0	0.0	2.0	0.0
547	0.0	0.0	0.0	0.0	0.0	0.0	0.0	0.0	0.0	0.0
548	5.0	0.0	0.0	0.0	0.0	0.0	0.0	0.0	0.0	0.0
549	0.0	0.0	0.0	0.0	0.0	0.0	0.0	0.0	0.0	0.0
550	2.0	0.0	0.0	0.0	0.0	0.0	0.0	0.0	0.0	0.0
551	39.0	0.0	0.0	0.0	0.0	0.0	0.0	0.0	0.0	0.0
552	0.0	0.0	0.0	0.0	0.0	0.0	0.0	0.0	0.0	0.0
553	4.0	3.0	0.0	0.0	2.0	1.0	0.0	2.0	0.0	0.0
554	0.0	0.0	0.0	0.0	0.0	0.0	0.0	0.0	0.0	0.0
555	0.0	0.0	0.0	0.0	0.0	0.0	0.0	0.0	0.0	0.0
556	6.0	0.0	0.0	0.0	0.0	0.0	0.0	0.0	0.0	0.0
557	5.0	0.0	0.0	0.0	0.0	0.0	0.0	0.0	0.0	0.0
558	6.0	0.0	0.0	0.0	0.0	0.0	0.0	0.0	0.0	0.0
559	0.0	0.0	0.0	0.0	0.0	0.0	0.0	0.0	0.0	0.0
560	0.0	0.0	0.0	0.0	0.0	0.0	0.0	0.0	0.0	0.0
561	0.0	0.0	0.0	0.0	0.0	0.0	0.0	0.0	0.0	0.0
562	0.0	0.0	0.0	0.0	0.0	0.0	0.0	0.0	0.0	0.0
563	0.0	0.0	0.0	0.0	0.0	0.0	0.0	0.0	0.0	0.0
564	0.0	0.0	0.0	0.0	0.0	0.0	0.0	0.0	0.0	0.0
565	0.0	0.0	0.0	0.0	0.0	0.0	0.0	0.0	0.0	0.0
566	0.0	0.0	0.0	0.0	0.0	0.0	0.0	0.0	0.0	0.0
567	0.0	0.0	0.0	0.0	0.0	0.0	0.0	0.0	0.0	0.0
568	3.0	0.0	0.0	0.0	0.0	0.0	0.0	0.0	0.0	0.0
569	0.0	0.0	0.0	0.0	0.0	0.0	0.0	0.0	0.0	0.0
570	0.0	0.0	0.0	0.0	0.0	0.0	0.0	0.0	0.0	0.0
571	10.0	0.0	0.0	0.0	0.0	0.0	0.0	0.0	0.0	0.0
572	17.0	0.0	0.0	0.0	0.0	0.0	0.0	0.0	0.0	0.0
573	9.0	0.0	0.0	0.0	0.0	0.0	0.0	0.0	0.0	0.0
574	0.0	0.0	0.0	0.0	0.0	0.0	0.0	0.0	0.0	0.0
575	0.0	0.0	0.0	0.0	0.0	0.0	0.0	0.0	0.0	0.0
576	0.0	0.0	0.0	0.0	0.0	0.0	0.0	0.0	0.0	0.0
577	0.0	0.0	0.0	0.0	0.0	0.0	0.0	0.0	0.0	0.0
578	0.0	0.0	0.0	0.0	0.0	0.0	0.0	0.0	0.0	0.0
579	0.0	0.0	0.0	0.0	0.0	0.0	0.0	0.0	0.0	0.0
580	0.0	0.0	0.0	0.0	0.0	0.0	0.0	0.0	0.0	0.0
581	0.0	0.0	0.0	0.0	0.0	0.0	0.0	0.0	0.0	0.0
582	0.0	0.0	0.0	0.0	0.0	0.0	0.0	0.0	0.0	0.0
583	0.0	0.0	0.0	0.0	0.0	0.0	0.0	0.0	0.0	0.0
584	1.0	0.0	0.0	0.0	0.0	0.0	0.0	0.0	0.0	0.0
585	0.0	0.0	0.0	0.0	0.0	0.0	0.0	0.0	0.0	0.0
586	0.0	0.0	0.0	0.0	0.0	0.0	0.0	0.0	0.0	0.0
587	0.0	0.0	0.0	0.0	0.0	0.0	0.0	0.0	0.0	0.0
588	0.0	0.0	0.0	0.0	0.0	0.0	0.0	0.0	0.0	0.0
589	0.0	0.0	0.0	0.0	0.0	0.0	0.0	0.0	0.0	0.0
590	0.0	0.0	0.0	0.0	0.0	0.0	0.0	0.0	0.0	0.0
591	0.0	0.0	0.0	0.0	0.0	0.0	0.0	0.0	0.0	0.0
592	0.0	0.0	0.0	0.0	0.0	0.0	0.0	0.0	0.0	0.0
593	0.0	0.0	0.0	0.0	0.0	0.0	0.0	0.0	0.0	0.0
594	2.0	8.0	0.0	0.0	8.0	2.0	0.0	8.0	0.0	0.0
595	0.0	0.0	0.0	0.0	0.0	0.0	0.0	0.0	0.0	0.0
596	0.0	3.0	0.0	0.0	0.0	0.0	0.0	0.0	0.0	0.0
597	0.0	1.0	0.0	0.0	0.0	0.0	0.0	0.0	0.0	0.0
598	0.0	0.0	0.0	0.0	0.0	0.0	0.0	0.0	0.0	0.0
599	0.0	0.0	0.0	0.0	0.0	0.0	0.0	0.0	0.0	0.0
600	24.0	0.0	0.0	0.0	0.0	0.0	0.0	0.0	0.0	0.0
601	0.0	0.0	0.0	0.0	0.0	0.0	0.0	0.0	0.0	0.0
602	4.0	0.0	0.0	0.0	0.0	0.0	0.0	0.0	0.0	0.0
603	0.0	0.0	0.0	0.0	0.0	0.0	0.0	0.0	0.0	0.0
604	0.0	0.0	0.0	0.0	0.0	0.0	0.0	0.0	0.0	0.0
605	0.0	0.0	0.0	0.0	0.0	0.0	0.0	0.0	0.0	0.0
606	2.0	0.0	0.0	0.0	0.0	0.0	0.0	0.0	0.0	0.0
607	58.0	0.0	0.0	0.0	0.0	0.0	0.0	0.0	0.0	0.0
608	9.0	1.0	0.0	0.0	0.0	0.0	0.0	0.0	0.0	0.0
609	0.0	0.0	0.0	0.0	0.0	0.0	0.0	0.0	0.0	0.0
610	0.0	0.0	0.0	0.0	0.0	0.0	0.0	0.0	0.0	0.0
611	0.0	0.0	0.0	0.0	0.0	0.0	0.0	0.0	0.0	0.0
612	0.0	0.0	0.0	0.0	0.0	0.0	0.0	0.0	0.0	0.0
613	0.0	0.0	0.0	0.0	0.0	0.0	0.0	0.0	0.0	0.0
614	29.0	3.0	0.0	0.0	0.0	0.0	0.0	0.0	0.0	0.0
615	0.0	0.0	0.0	0.0	0.0	0.0	0.0	0.0	0.0	0.0
616	0.0	0.0	0.0	0.0	0.0	0.0	0.0	0.0	0.0	0.0
617	8.0	0.0	0.0	0.0	0.0	0.0	0.0	0.0	0.0	0.0
618	0.0	0.0	0.0	0.0	0.0	0.0	0.0	0.0	0.0	0.0
619	0.0	0.0	0.0	0.0	0.0	0.0	0.0	0.0	0.0	0.0
620	0.0	0.0	0.0	0.0	0.0	0.0	0.0	0.0	0.0	0.0
621	0.0	4.0	0.0	0.0	0.0	0.0	0.0	0.0	0.0	0.0
622	0.0	0.0	0.0	0.0	0.0	0.0	0.0	0.0	0.0	0.0
623	0.0	0.0	0.0	0.0	0.0	0.0	0.0	0.0	0.0	0.0
624	0.0	0.0	0.0	0.0	0.0	0.0	0.0	0.0	0.0	0.0
625	12.0	0.0	0.0	0.0	0.0	0.0	0.0	0.0	0.0	0.0
626	0.0	0.0	0.0	0.0	0.0	0.0	0.0	0.0	0.0	0.0
627	0.0	0.0	0.0	0.0	0.0	0.0	0.0	0.0	0.0	0.0
628	0.0	0.0	0.0	0.0	0.0	0.0	0.0	0.0	0.0	0.0
629	0.0	0.0	0.0	0.0	0.0	0.0	0.0	0.0	0.0	0.0
630	0.0	0.0	0.0	0.0	0.0	0.0	0.0	0.0	0.0	0.0
631	1.0	0.0	0.0	0.0	0.0	0.0	0.0	0.0	0.0	0.0
632	4.0	2.0	0.0	0.0	0.0	0.0	0.0	0.0	0.0	0.0
633	35.0	0.0	0.0	0.0	0.0	0.0	0.0	0.0	0.0	0.0
634	0.0	0.0	0.0	0.0	0.0	0.0	0.0	0.0	0.0	0.0
635	0.0	0.0	0.0	0.0	0.0	0.0	0.0	0.0	0.0	0.0
636	0.0	0.0	0.0	0.0	0.0	0.0	0.0	0.0	0.0	0.0
637	0.0	0.0	0.0	0.0	0.0	0.0	0.0	0.0	0.0	0.0
638	14.0	0.0	0.0	0.0	0.0	0.0	0.0	0.0	0.0	0.0
639	0.0	0.0	0.0	0.0	0.0	0.0	0.0	0.0	0.0	0.0
640	0.0	0.0	0.0	0.0	0.0	0.0	0.0	0.0	0.0	0.0
641	9.0	0.0	0.0	0.0	0.0	0.0	0.0	0.0	0.0	0.0
642	0.0	0.0	0.0	0.0	0.0	0.0	0.0	0.0	0.0	0.0
643	0.0	0.0	0.0	0.0	0.0	0.0	0.0	0.0	0.0	0.0
644	7.0	0.0	0.0	0.0	0.0	0.0	0.0	0.0	0.0	0.0
645	0.0	0.0	0.0	0.0	0.0	0.0	0.0	0.0	0.0	0.0
646	0.0	0.0	0.0	0.0	0.0	0.0	0.0	0.0	0.0	0.0
647	4.0	27.0	0.0	0.0	0.0	0.0	0.0	0.0	0.0	0.0
648	0.0	0.0	0.0	0.0	0.0	0.0	0.0	0.0	0.0	0.0
649	0.0	0.0	0.0	0.0	0.0	0.0	0.0	0.0	0.0	0.0
650	0.0	0.0	0.0	0.0	0.0	0.0	0.0	0.0	0.0	0.0
651	0.0	0.0	0.0	0.0	0.0	0.0	0.0	0.0	0.0	0.0
652	0.0	1.0	0.0	0.0	0.0	0.0	0.0	0.0	0.0	0.0
653	0.0	0.0	0.0	0.0	0.0	0.0	0.0	0.0	0.0	0.0
654	0.0	0.0	0.0	0.0	0.0	0.0	0.0	0.0	0.0	0.0
655	0.0	0.0	0.0	0.0	0.0	0.0	0.0	0.0	0.0	0.0
656	12.0	0.0	0.0	0.0	0.0	0.0	0.0	0.0	0.0	0.0
657	0.0	0.0	0.0	0.0	0.0	0.0	0.0	0.0	0.0	0.0
658	0.0	0.0	0.0	0.0	0.0	0.0	0.0	0.0	0.0	0.0
659	0.0	0.0	0.0	0.0	0.0	0.0	0.0	0.0	0.0	0.0
660	16.0	0.0	0.0	0.0	0.0	0.0	0.0	0.0	0.0	0.0
661	0.0	0.0	0.0	0.0	0.0	0.0	0.0	0.0	0.0	0.0
662	0.0	0.0	0.0	0.0	0.0	0.0	0.0	0.0	0.0	0.0
663	0.0	0.0	0.0	0.0	0.0	0.0	0.0	0.0	0.0	0.0
664	0.0	0.0	0.0	0.0	0.0	0.0	0.0	0.0	0.0	0.0
665	0.0	0.0	0.0	0.0	0.0	0.0	0.0	0.0	0.0	0.0
666	0.0	0.0	0.0	0.0	0.0	0.0	0.0	0.0	0.0	0.0
667	0.0	0.0	0.0	0.0	0.0	0.0	0.0	0.0	0.0	0.0
668	0.0	0.0	0.0	0.0	0.0	0.0	0.0	0.0	0.0	0.0
669	0.0	0.0	0.0	0.0	0.0	0.0	0.0	0.0	0.0	0.0
670	2.0	2.0	0.0	0.0	0.0	0.0	0.0	0.0	0.0	0.0
671	0.0	0.0	0.0	0.0	0.0	0.0	0.0	0.0	0.0	0.0
672	5.0	5.0	0.0	0.0	0.0	1.0	0.0	0.0	0.0	0.0
673	0.0	0.0	0.0	0.0	0.0	0.0	0.0	0.0	0.0	0.0
674	0.0	0.0	0.0	0.0	0.0	0.0	0.0	0.0	0.0	0.0
675	0.0	0.0	0.0	0.0	0.0	0.0	0.0	0.0	0.0	0.0
676	0.0	0.0	0.0	0.0	0.0	0.0	0.0	0.0	0.0	0.0
677	1.0	0.0	0.0	0.0	0.0	0.0	0.0	0.0	0.0	0.0
678	0.0	0.0	0.0	0.0	0.0	0.0	0.0	0.0	0.0	0.0
679	0.0	0.0	0.0	0.0	0.0	0.0	0.0	0.0	0.0	0.0
680	0.0	0.0	0.0	0.0	0.0	0.0	0.0	0.0	0.0	0.0
681	0.0	0.0	0.0	0.0	0.0	0.0	0.0	0.0	0.0	0.0
682	0.0	0.0	0.0	0.0	0.0	0.0	0.0	0.0	0.0	0.0
683	13.0	3.0	0.0	0.0	0.0	1.0	0.0	3.0	0.0	0.0
684	0.0	0.0	0.0	0.0	0.0	0.0	0.0	0.0	0.0	0.0
685	0.0	0.0	0.0	0.0	0.0	0.0	0.0	0.0	0.0	0.0
686	0.0	0.0	0.0	0.0	0.0	0.0	0.0	0.0	0.0	0.0
687	0.0	0.0	0.0	0.0	0.0	0.0	0.0	0.0	0.0	0.0
688	0.0	0.0	0.0	0.0	0.0	0.0	0.0	0.0	0.0	0.0
689	2.0	0.0	0.0	0.0	0.0	0.0	0.0	0.0	0.0	0.0
690	0.0	0.0	0.0	0.0	0.0	0.0	0.0	0.0	0.0	0.0
691	0.0	0.0	0.0	0.0	0.0	0.0	0.0	0.0	0.0	0.0
692	0.0	0.0	0.0	0.0	0.0	0.0	0.0	0.0	0.0	0.0
693	0.0	0.0	0.0	0.0	0.0	0.0	0.0	0.0	0.0	0.0
694	0.0	0.0	0.0	0.0	0.0	0.0	0.0	0.0	0.0	0.0
695	0.0	0.0	0.0	0.0	0.0	0.0	0.0	0.0	0.0	0.0
696	0.0	0.0	0.0	0.0	0.0	0.0	0.0	0.0	0.0	0.0
697	0.0	0.0	0.0	0.0	0.0	0.0	0.0	0.0	0.0	0.0
698	1.0	0.0	0.0	0.0	0.0	0.0	0.0	0.0	0.0	0.0
699	0.0	0.0	0.0	0.0	0.0	0.0	0.0	0.0	0.0	0.0
700	0.0	0.0	0.0	0.0	0.0	0.0	0.0	0.0	0.0	0.0
701	0.0	0.0	0.0	0.0	0.0	0.0	0.0	0.0	0.0	0.0
702	0.0	0.0	0.0	0.0	0.0	0.0	0.0	0.0	0.0	0.0
703	0.0	0.0	0.0	0.0	0.0	0.0	0.0	0.0	0.0	0.0
704	0.0	0.0	0.0	0.0	0.0	0.0	0.0	0.0	0.0	0.0
705	0.0	0.0	0.0	1.0	0.0	0.0	0.0	0.0	0.0	0.0
706	0.0	0.0	0.0	0.0	0.0	0.0	0.0	0.0	0.0	0.0
707	0.0	0.0	0.0	0.0	0.0	0.0	0.0	0.0	0.0	0.0
708	1.0	0.0	0.0	0.0	0.0	0.0	0.0	0.0	0.0	0.0
709	0.0	0.0	0.0	0.0	0.0	0.0	0.0	0.0	0.0	0.0
710	0.0	0.0	0.0	0.0	0.0	0.0	0.0	0.0	0.0	0.0
711	0.0	0.0	0.0	0.0	0.0	0.0	0.0	0.0	0.0	0.0
712	6.0	0.0	0.0	0.0	0.0	0.0	0.0	0.0	0.0	0.0
713	0.0	0.0	0.0	0.0	0.0	0.0	0.0	0.0	0.0	0.0
714	0.0	0.0	0.0	0.0	0.0	0.0	0.0	0.0	0.0	0.0
715	0.0	0.0	0.0	0.0	0.0	0.0	0.0	0.0	0.0	0.0
716	0.0	0.0	0.0	0.0	0.0	0.0	0.0	0.0	0.0	0.0
717	0.0	0.0	0.0	0.0	0.0	0.0	0.0	0.0	0.0	0.0
718	0.0	0.0	0.0	0.0	0.0	0.0	0.0	0.0	0.0	0.0
719	0.0	0.0	0.0	0.0	0.0	0.0	0.0	0.0	0.0	0.0
720	115.0	0.0	0.0	0.0	0.0	0.0	0.0	0.0	0.0	0.0
721	0.0	0.0	0.0	0.0	0.0	0.0	0.0	0.0	0.0	0.0
722	0.0	0.0	0.0	0.0	0.0	0.0	0.0	0.0	0.0	0.0
723	0.0	0.0	0.0	0.0	0.0	0.0	0.0	0.0	0.0	0.0
724	0.0	0.0	0.0	0.0	0.0	0.0	0.0	0.0	0.0	0.0
725	0.0	0.0	0.0	0.0	0.0	0.0	0.0	0.0	0.0	0.0
726	0.0	0.0	0.0	0.0	0.0	0.0	0.0	0.0	0.0	0.0
727	0.0	0.0	0.0	0.0	0.0	0.0	0.0	0.0	0.0	0.0
728	0.0	0.0	0.0	0.0	0.0	0.0	0.0	0.0	0.0	0.0
729	0.0	0.0	0.0	0.0	0.0	0.0	0.0	0.0	0.0	0.0
730	0.0	0.0	0.0	0.0	0.0	0.0	0.0	0.0	0.0	0.0
731	0.0	0.0	0.0	0.0	0.0	0.0	0.0	0.0	0.0	0.0
732	0.0	0.0	0.0	0.0	0.0	0.0	0.0	0.0	0.0	0.0
733	0.0	0.0	0.0	0.0	0.0	0.0	0.0	0.0	0.0	0.0
734	4442.0	428.0	18.0	2.0	89.0	0.0	0.0	55.0	0.0	0.0
735	294.0	65.0	0.0	0.0	0.0	0.0	0.0	0.0	0.0	0.0
736	274.0	7.0	0.0	0.0	4.0	0.0	0.0	4.0	0.0	0.0
737	5457.0	718.0	73.0	0.0	61.0	0.0	0.0	72.0	0.0	0.0
738	499.0	58.0	0.0	0.0	23.0	0.0	0.0	17.0	0.0	0.0
739	7.0	0.0	0.0	0.0	0.0	0.0	0.0	0.0	0.0	0.0
740	992.0	36.0	14.0	0.0	13.0	0.0	0.0	10.0	0.0	0.0
741	5492.0	337.0	42.0	2.0	125.0	0.0	5.0	112.0	0.0	0.0
742	606.0	64.0	17.0	0.0	21.0	0.0	2.0	15.0	0.0	0.0
743	563.0	181.0	0.0	0.0	11.0	0.0	0.0	21.0	0.0	0.0
744	361.0	12.0	0.0	3.0	0.0	0.0	0.0	0.0	0.0	0.0
745	1974.0	81.0	0.0	1.0	16.0	0.0	2.0	8.0	0.0	0.0
746	1740.0	33.0	4.0	0.0	5.0	0.0	0.0	11.0	0.0	0.0
747	3109.0	558.0	291.0	2.0	35.0	0.0	4.0	50.0	0.0	0.0
748	2728.0	179.0	35.0	0.0	20.0	0.0	1.0	12.0	0.0	0.0
749	1161.0	37.0	6.0	0.0	0.0	0.0	3.0	2.0	0.0	0.0
750	133.0	0.0	0.0	0.0	0.0	0.0	0.0	0.0	0.0	0.0
751	6864.0	1073.0	172.0	7.0	38.0	0.0	8.0	22.0	0.0	0.0
752	868.0	112.0	20.0	1.0	17.0	0.0	0.0	13.0	0.0	0.0
753	0.0	0.0	0.0	0.0	0.0	0.0	0.0	0.0	0.0	0.0
754	931.0	144.0	0.0	1.0	7.0	0.0	5.0	6.0	0.0	0.0
755	525.0	4.0	0.0	0.0	0.0	0.0	3.0	0.0	0.0	0.0
756	1812.0	248.0	91.0	0.0	48.0	0.0	0.0	51.0	0.0	0.0
757	60.0	12.0	0.0	8.0	1.0	0.0	3.0	0.0	0.0	0.0
758	5007.0	247.0	25.0	1.0	72.0	0.0	3.0	58.0	0.0	0.0
759	1501.0	120.0	25.0	0.0	25.0	0.0	2.0	12.0	0.0	0.0
760	3144.0	85.0	2.0	3.0	1.0	0.0	0.0	3.0	0.0	0.0
761	0.0	0.0	0.0	0.0	0.0	0.0	0.0	0.0	0.0	0.0
762	9.0	0.0	0.0	0.0	0.0	0.0	0.0	0.0	0.0	0.0
763	467.0	6.0	1.0	0.0	1.0	0.0	0.0	0.0	0.0	0.0
764	2284.0	62.0	0.0	0.0	1.0	0.0	3.0	2.0	0.0	0.0
765	18.0	0.0	0.0	0.0	0.0	0.0	0.0	0.0	0.0	0.0
766	3579.0	552.0	118.0	5.0	17.0	0.0	1.0	20.0	0.0	0.0
767	176.0	9.0	0.0	0.0	3.0	0.0	0.0	2.0	0.0	0.0
768	641.0	425.0	0.0	0.0	10.0	0.0	0.0	0.0	0.0	0.0
769	104.0	0.0	0.0	1.0	0.0	0.0	0.0	0.0	0.0	0.0
770	20.0	6.0	0.0	0.0	0.0	0.0	0.0	0.0	0.0	0.0
771	416.0	120.0	1.0	0.0	21.0	0.0	0.0	17.0	0.0	0.0
772	1.0	0.0	0.0	0.0	0.0	0.0	0.0	0.0	0.0	0.0
773	1232.0	142.0	36.0	0.0	39.0	0.0	8.0	15.0	0.0	0.0
774	451.0	35.0	3.0	3.0	4.0	0.0	0.0	4.0	0.0	0.0
775	0.0	0.0	0.0	0.0	0.0	0.0	0.0	0.0	0.0	0.0
776	192.0	156.0	0.0	0.0	1.0	0.0	0.0	0.0	0.0	0.0
777	0.0	0.0	0.0	0.0	0.0	0.0	0.0	0.0	0.0	0.0
778	347.0	306.0	0.0	0.0	5.0	0.0	0.0	0.0	0.0	0.0
779	6.0	0.0	0.0	0.0	0.0	0.0	0.0	0.0	0.0	0.0
780	3.0	0.0	0.0	0.0	0.0	0.0	0.0	0.0	0.0	0.0
781	39.0	0.0	0.0	0.0	0.0	0.0	0.0	0.0	0.0	0.0
782	7.0	0.0	0.0	0.0	0.0	0.0	0.0	0.0	0.0	0.0
783	68.0	8.0	0.0	0.0	0.0	0.0	0.0	0.0	0.0	0.0
784	302.0	0.0	1.0	0.0	0.0	0.0	0.0	0.0	0.0	0.0
785	24.0	9.0	0.0	0.0	1.0	0.0	0.0	0.0	0.0	0.0
786	0.0	0.0	0.0	0.0	0.0	0.0	0.0	0.0	0.0	0.0
787	395.0	2.0	2.0	0.0	0.0	0.0	0.0	0.0	0.0	0.0
788	774.0	231.0	0.0	0.0	6.0	0.0	0.0	0.0	0.0	0.0
789	74.0	0.0	0.0	0.0	0.0	0.0	0.0	0.0	0.0	0.0
790	7.0	0.0	0.0	0.0	0.0	0.0	0.0	0.0	0.0	0.0
791	404.0	2.0	0.0	0.0	0.0	0.0	0.0	0.0	0.0	0.0
792	556.0	1.0	0.0	0.0	0.0	0.0	0.0	0.0	0.0	0.0
793	0.0	0.0	0.0	0.0	0.0	0.0	0.0	0.0	0.0	0.0
794	245.0	10.0	0.0	0.0	0.0	0.0	0.0	0.0	0.0	0.0
795	529.0	247.0	0.0	0.0	2.0	0.0	0.0	0.0	0.0	0.0
796	0.0	0.0	0.0	0.0	0.0	0.0	0.0	0.0	0.0	0.0
797	0.0	2.0	0.0	0.0	0.0	0.0	0.0	0.0	0.0	0.0
798	0.0	0.0	0.0	0.0	0.0	0.0	0.0	0.0	0.0	0.0
799	204.0	181.0	0.0	0.0	0.0	0.0	0.0	0.0	0.0	0.0
800	0.0	1.0	0.0	0.0	0.0	0.0	0.0	0.0	0.0	0.0
801	2.0	0.0	0.0	0.0	0.0	0.0	0.0	0.0	0.0	0.0
802	42.0	0.0	0.0	0.0	0.0	0.0	0.0	0.0	0.0	0.0
803	0.0	0.0	0.0	0.0	0.0	0.0	0.0	0.0	0.0	0.0
804	13.0	0.0	0.0	0.0	0.0	0.0	0.0	0.0	0.0	0.0
805	26.0	0.0	0.0	0.0	0.0	0.0	0.0	0.0	0.0	0.0
806	0.0	0.0	0.0	0.0	0.0	0.0	0.0	0.0	0.0	0.0
807	4.0	0.0	0.0	0.0	0.0	0.0	0.0	0.0	0.0	0.0
808	0.0	0.0	0.0	0.0	0.0	0.0	0.0	0.0	0.0	0.0
809	0.0	0.0	0.0	0.0	0.0	0.0	0.0	0.0	0.0	0.0
810	0.0	0.0	0.0	0.0	0.0	0.0	0.0	0.0	0.0	0.0
811	230.0	1.0	0.0	0.0	0.0	0.0	0.0	0.0	0.0	0.0
812	97.0	6.0	0.0	0.0	0.0	0.0	2.0	0.0	0.0	0.0
813	101.0	1.0	0.0	0.0	1.0	0.0	0.0	0.0	0.0	0.0
814	277.0	83.0	0.0	0.0	3.0	0.0	0.0	0.0	0.0	0.0
815	122.0	1.0	0.0	0.0	0.0	0.0	0.0	0.0	0.0	0.0
816	0.0	0.0	0.0	0.0	0.0	0.0	0.0	0.0	0.0	0.0
817	1.0	0.0	0.0	0.0	0.0	0.0	0.0	0.0	0.0	0.0
818	0.0	0.0	0.0	0.0	0.0	0.0	0.0	0.0	0.0	0.0
819	0.0	0.0	0.0	0.0	0.0	0.0	0.0	0.0	0.0	0.0
820	0.0	0.0	0.0	0.0	0.0	0.0	0.0	0.0	0.0	0.0
821	2499.0	87.0	5.0	0.0	2.0	0.0	0.0	2.0	0.0	0.0
822	1.0	0.0	0.0	0.0	0.0	0.0	0.0	0.0	0.0	0.0
823	2.0	0.0	0.0	0.0	0.0	0.0	0.0	0.0	0.0	0.0
824	18.0	0.0	0.0	0.0	2.0	0.0	0.0	0.0	0.0	0.0
825	45.0	14.0	0.0	0.0	0.0	0.0	0.0	0.0	0.0	0.0
826	0.0	0.0	0.0	0.0	0.0	0.0	0.0	0.0	0.0	0.0
827	0.0	1.0	0.0	0.0	0.0	0.0	0.0	0.0	0.0	0.0
828	5.0	0.0	0.0	1.0	0.0	0.0	0.0	0.0	0.0	0.0
829	8.0	0.0	0.0	0.0	0.0	0.0	0.0	0.0	0.0	0.0
830	82.0	27.0	0.0	0.0	4.0	0.0	0.0	6.0	0.0	0.0
831	20.0	0.0	0.0	0.0	0.0	0.0	0.0	0.0	0.0	0.0
832	7.0	4.0	0.0	0.0	0.0	0.0	0.0	0.0	0.0	0.0
833	18.0	0.0	0.0	0.0	0.0	0.0	0.0	0.0	0.0	0.0
834	0.0	0.0	0.0	0.0	0.0	0.0	0.0	0.0	0.0	0.0
835	10.0	0.0	0.0	0.0	0.0	0.0	0.0	0.0	0.0	0.0
836	2.0	0.0	0.0	0.0	0.0	0.0	0.0	0.0	0.0	0.0
837	10.0	2.0	0.0	0.0	0.0	0.0	0.0	0.0	0.0	0.0
838	0.0	0.0	0.0	1.0	0.0	0.0	0.0	0.0	0.0	0.0
839	0.0	0.0	0.0	0.0	0.0	0.0	0.0	0.0	0.0	0.0
840	0.0	0.0	0.0	0.0	0.0	0.0	0.0	0.0	0.0	0.0
841	101.0	39.0	0.0	0.0	0.0	0.0	0.0	0.0	0.0	0.0
842	35.0	2.0	0.0	0.0	0.0	0.0	0.0	0.0	0.0	0.0
843	9.0	0.0	0.0	1.0	0.0	0.0	0.0	0.0	0.0	0.0
844	0.0	0.0	0.0	0.0	0.0	0.0	0.0	0.0	0.0	0.0
845	0.0	0.0	0.0	0.0	0.0	0.0	0.0	0.0	0.0	0.0
846	159.0	3.0	0.0	0.0	0.0	0.0	0.0	0.0	0.0	0.0
847	0.0	0.0	0.0	0.0	0.0	0.0	0.0	0.0	0.0	0.0
848	16.0	3.0	0.0	0.0	0.0	0.0	0.0	0.0	0.0	0.0
849	7.0	0.0	0.0	0.0	0.0	0.0	0.0	0.0	0.0	0.0
850	0.0	0.0	0.0	0.0	0.0	0.0	0.0	0.0	0.0	0.0
851	302.0	76.0	0.0	0.0	76.0	0.0	0.0	0.0	0.0	0.0
852	0.0	0.0	0.0	0.0	0.0	0.0	0.0	0.0	0.0	0.0
853	20.0	12.0	0.0	0.0	1.0	0.0	0.0	0.0	0.0	0.0
854	76.0	16.0	0.0	0.0	18.0	0.0	0.0	1.0	0.0	0.0
855	8.0	6.0	0.0	0.0	0.0	0.0	0.0	0.0	0.0	0.0
856	8.0	0.0	0.0	0.0	0.0	0.0	0.0	0.0	0.0	0.0
857	1.0	6.0	0.0	0.0	0.0	0.0	0.0	0.0	0.0	0.0
858	0.0	0.0	0.0	0.0	0.0	0.0	0.0	0.0	0.0	0.0
859	43.0	2.0	0.0	0.0	0.0	0.0	0.0	0.0	0.0	0.0
860	0.0	0.0	0.0	0.0	0.0	0.0	0.0	0.0	0.0	0.0
861	33.0	21.0	0.0	0.0	4.0	0.0	0.0	5.0	0.0	0.0
862	0.0	0.0	0.0	0.0	0.0	0.0	0.0	0.0	0.0	0.0
863	310.0	5.0	0.0	0.0	1.0	0.0	0.0	1.0	0.0	0.0
864	0.0	0.0	0.0	0.0	0.0	0.0	0.0	0.0	0.0	0.0
865	0.0	0.0	0.0	0.0	0.0	0.0	0.0	0.0	0.0	0.0
866	40.0	13.0	2.0	0.0	0.0	0.0	1.0	0.0	0.0	0.0
867	0.0	0.0	0.0	0.0	0.0	0.0	0.0	0.0	0.0	0.0
868	0.0	0.0	0.0	0.0	0.0	0.0	0.0	0.0	0.0	0.0
869	0.0	0.0	0.0	0.0	0.0	0.0	0.0	0.0	0.0	0.0
870	0.0	0.0	0.0	0.0	0.0	0.0	3.0	0.0	0.0	0.0
871	40.0	30.0	0.0	0.0	0.0	0.0	0.0	0.0	0.0	0.0
872	6.0	0.0	0.0	0.0	0.0	0.0	0.0	0.0	0.0	0.0
873	0.0	1.0	0.0	0.0	0.0	0.0	0.0	0.0	0.0	0.0
874	5.0	0.0	0.0	0.0	0.0	0.0	0.0	0.0	0.0	0.0
875	6.0	1.0	0.0	0.0	0.0	0.0	0.0	0.0	0.0	0.0
876	4.0	0.0	0.0	0.0	0.0	0.0	0.0	0.0	0.0	0.0
877	0.0	0.0	0.0	0.0	0.0	0.0	0.0	0.0	0.0	0.0
878	140.0	0.0	0.0	0.0	0.0	0.0	0.0	0.0	0.0	0.0
879	0.0	0.0	0.0	0.0	0.0	0.0	0.0	0.0	0.0	0.0
880	0.0	0.0	0.0	0.0	0.0	0.0	0.0	0.0	0.0	0.0
881	0.0	0.0	0.0	0.0	0.0	0.0	0.0	0.0	0.0	0.0
882	20.0	7.0	0.0	0.0	0.0	0.0	0.0	0.0	0.0	0.0
883	6.0	2.0	0.0	0.0	0.0	0.0	0.0	0.0	0.0	0.0
884	3.0	0.0	0.0	1.0	0.0	0.0	1.0	0.0	0.0	0.0
885	0.0	0.0	0.0	0.0	0.0	0.0	0.0	0.0	0.0	0.0
886	3.0	5.0	0.0	0.0	2.0	0.0	0.0	0.0	0.0	0.0
887	368.0	97.0	0.0	0.0	1.0	0.0	0.0	0.0	0.0	0.0
888	41.0	20.0	0.0	0.0	0.0	0.0	0.0	0.0	0.0	0.0
889	0.0	0.0	0.0	0.0	0.0	0.0	0.0	0.0	0.0	0.0
890	14.0	14.0	0.0	0.0	0.0	0.0	0.0	0.0	0.0	0.0
891	11.0	2.0	0.0	0.0	0.0	0.0	0.0	0.0	0.0	0.0
892	20.0	0.0	0.0	0.0	0.0	0.0	0.0	0.0	0.0	0.0
893	0.0	0.0	0.0	0.0	0.0	0.0	0.0	0.0	0.0	0.0
894	9.0	0.0	0.0	0.0	0.0	0.0	0.0	0.0	0.0	0.0
895	0.0	0.0	0.0	0.0	0.0	0.0	0.0	0.0	0.0	0.0
896	0.0	0.0	0.0	0.0	0.0	0.0	0.0	0.0	0.0	0.0
897	6.0	0.0	0.0	0.0	0.0	0.0	0.0	0.0	0.0	0.0
898	7.0	0.0	0.0	0.0	0.0	0.0	0.0	0.0	0.0	0.0
899	0.0	0.0	0.0	0.0	0.0	0.0	0.0	0.0	0.0	0.0
900	0.0	0.0	0.0	0.0	0.0	0.0	0.0	0.0	0.0	0.0
901	0.0	0.0	0.0	0.0	0.0	0.0	0.0	0.0	0.0	0.0
902	0.0	0.0	0.0	0.0	0.0	0.0	0.0	0.0	0.0	0.0
903	54.0	31.0	0.0	0.0	0.0	0.0	0.0	0.0	0.0	0.0
904	0.0	0.0	0.0	0.0	0.0	0.0	0.0	0.0	0.0	0.0
905	0.0	6.0	0.0	0.0	0.0	0.0	0.0	0.0	0.0	0.0
906	3.0	0.0	0.0	0.0	0.0	0.0	0.0	0.0	0.0	0.0
907	0.0	0.0	0.0	0.0	0.0	0.0	0.0	0.0	0.0	0.0
908	0.0	3.0	0.0	0.0	0.0	0.0	0.0	0.0	0.0	0.0
909	85.0	19.0	0.0	0.0	2.0	0.0	0.0	0.0	0.0	0.0
910	2.0	0.0	0.0	0.0	0.0	0.0	0.0	0.0	0.0	0.0
911	0.0	0.0	0.0	0.0	0.0	0.0	0.0	0.0	0.0	0.0
912	17.0	0.0	0.0	0.0	0.0	0.0	0.0	0.0	0.0	0.0
913	2.0	0.0	0.0	0.0	0.0	0.0	0.0	0.0	0.0	0.0
914	2.0	0.0	0.0	0.0	0.0	0.0	0.0	0.0	0.0	0.0
915	0.0	0.0	0.0	0.0	0.0	0.0	0.0	0.0	0.0	0.0
916	0.0	0.0	0.0	0.0	0.0	0.0	0.0	0.0	0.0	0.0
917	0.0	0.0	0.0	0.0	0.0	0.0	0.0	0.0	0.0	0.0
918	0.0	4.0	0.0	0.0	0.0	0.0	0.0	0.0	0.0	0.0
919	0.0	0.0	0.0	0.0	0.0	0.0	0.0	0.0	0.0	0.0
920	0.0	3.0	0.0	0.0	0.0	0.0	0.0	0.0	0.0	0.0
921	7.0	0.0	0.0	0.0	0.0	0.0	0.0	0.0	0.0	0.0
922	0.0	0.0	0.0	0.0	0.0	0.0	0.0	0.0	0.0	0.0
923	0.0	0.0	0.0	0.0	0.0	0.0	0.0	0.0	0.0	0.0
924	0.0	0.0	0.0	0.0	0.0	0.0	0.0	0.0	0.0	0.0
925	0.0	0.0	0.0	0.0	0.0	0.0	0.0	0.0	0.0	0.0
926	5.0	3.0	0.0	0.0	0.0	0.0	0.0	0.0	0.0	0.0
927	32.0	42.0	0.0	0.0	2.0	0.0	0.0	0.0	0.0	0.0
928	0.0	0.0	0.0	0.0	0.0	0.0	0.0	0.0	0.0	0.0
929	0.0	0.0	0.0	0.0	0.0	0.0	0.0	0.0	0.0	0.0
930	0.0	0.0	0.0	0.0	0.0	0.0	0.0	0.0	0.0	0.0
931	0.0	0.0	0.0	0.0	0.0	0.0	0.0	0.0	0.0	0.0
932	6.0	0.0	0.0	0.0	0.0	0.0	0.0	0.0	0.0	0.0
933	9.0	17.0	0.0	0.0	1.0	0.0	0.0	0.0	0.0	0.0
934	0.0	0.0	0.0	0.0	0.0	0.0	0.0	0.0	0.0	0.0
935	10.0	2.0	0.0	0.0	0.0	0.0	0.0	2.0	0.0	0.0
936	9.0	0.0	0.0	0.0	0.0	0.0	0.0	0.0	0.0	0.0
937	0.0	0.0	0.0	0.0	0.0	0.0	0.0	0.0	0.0	0.0
938	0.0	0.0	0.0	0.0	0.0	0.0	0.0	0.0	0.0	0.0
939	0.0	0.0	0.0	0.0	0.0	0.0	0.0	0.0	0.0	0.0
940	0.0	2.0	0.0	0.0	0.0	0.0	0.0	0.0	0.0	0.0
941	0.0	0.0	0.0	0.0	0.0	0.0	0.0	0.0	0.0	0.0
942	32.0	11.0	0.0	0.0	6.0	0.0	1.0	8.0	0.0	0.0
943	0.0	0.0	0.0	0.0	0.0	0.0	0.0	0.0	0.0	0.0
944	26.0	15.0	0.0	0.0	0.0	0.0	0.0	0.0	0.0	0.0
945	0.0	0.0	0.0	0.0	0.0	0.0	0.0	0.0	0.0	0.0
946	0.0	0.0	0.0	0.0	0.0	0.0	0.0	0.0	0.0	0.0
947	0.0	0.0	0.0	0.0	0.0	0.0	0.0	0.0	0.0	0.0
948	0.0	0.0	0.0	0.0	0.0	0.0	0.0	0.0	0.0	0.0
949	0.0	0.0	0.0	0.0	0.0	0.0	0.0	0.0	0.0	0.0
950	3.0	0.0	0.0	0.0	0.0	0.0	0.0	0.0	0.0	0.0
951	0.0	2.0	0.0	0.0	0.0	0.0	0.0	0.0	0.0	0.0
952	0.0	0.0	0.0	0.0	0.0	0.0	0.0	0.0	0.0	0.0
953	5.0	0.0	0.0	0.0	0.0	0.0	0.0	0.0	0.0	0.0
954	0.0	0.0	0.0	0.0	0.0	0.0	0.0	0.0	0.0	0.0
955	0.0	0.0	0.0	0.0	0.0	0.0	0.0	0.0	0.0	0.0
956	0.0	0.0	0.0	0.0	0.0	0.0	0.0	0.0	0.0	0.0
957	0.0	0.0	0.0	0.0	0.0	0.0	0.0	0.0	0.0	0.0
958	0.0	0.0	0.0	0.0	0.0	0.0	0.0	0.0	0.0	0.0
959	4.0	0.0	0.0	0.0	0.0	0.0	0.0	0.0	0.0	0.0
960	0.0	0.0	0.0	0.0	0.0	0.0	0.0	0.0	0.0	0.0
961	0.0	0.0	0.0	0.0	0.0	0.0	0.0	0.0	0.0	0.0
962	0.0	0.0	0.0	0.0	0.0	0.0	0.0	0.0	0.0	0.0
963	0.0	0.0	0.0	0.0	0.0	0.0	0.0	0.0	0.0	0.0
964	0.0	0.0	0.0	0.0	0.0	0.0	0.0	0.0	0.0	0.0
965	0.0	1.0	0.0	0.0	0.0	0.0	0.0	0.0	0.0	0.0
966	0.0	0.0	0.0	0.0	0.0	0.0	0.0	0.0	0.0	0.0
967	0.0	0.0	0.0	0.0	0.0	0.0	0.0	0.0	0.0	0.0
968	0.0	1.0	0.0	0.0	0.0	0.0	0.0	0.0	0.0	0.0
969	39.0	0.0	0.0	0.0	0.0	0.0	0.0	0.0	0.0	0.0
970	0.0	0.0	0.0	0.0	0.0	0.0	0.0	0.0	0.0	0.0
971	6.0	0.0	0.0	0.0	0.0	0.0	0.0	0.0	0.0	0.0
972	0.0	0.0	0.0	0.0	0.0	0.0	0.0	0.0	0.0	0.0
973	114.0	16.0	0.0	0.0	0.0	0.0	0.0	0.0	0.0	0.0
974	0.0	0.0	0.0	0.0	0.0	0.0	0.0	0.0	0.0	0.0
975	0.0	0.0	0.0	0.0	0.0	0.0	0.0	0.0	0.0	0.0
976	1.0	1.0	0.0	0.0	0.0	0.0	0.0	0.0	0.0	0.0
977	0.0	0.0	0.0	0.0	0.0	0.0	0.0	0.0	0.0	0.0
978	0.0	1.0	0.0	0.0	0.0	0.0	0.0	0.0	0.0	0.0
979	29.0	0.0	0.0	0.0	0.0	0.0	0.0	0.0	0.0	0.0
980	0.0	0.0	0.0	0.0	0.0	0.0	0.0	0.0	0.0	0.0
981	0.0	1.0	0.0	0.0	0.0	0.0	0.0	0.0	0.0	0.0
982	0.0	0.0	0.0	0.0	0.0	0.0	0.0	0.0	0.0	0.0
983	0.0	0.0	0.0	0.0	0.0	0.0	0.0	0.0	0.0	0.0
984	0.0	0.0	0.0	0.0	0.0	0.0	0.0	0.0	0.0	0.0
985	0.0	6.0	0.0	0.0	0.0	0.0	0.0	0.0	0.0	0.0
986	0.0	0.0	0.0	0.0	0.0	0.0	0.0	0.0	0.0	0.0
987	0.0	0.0	0.0	0.0	0.0	0.0	0.0	0.0	0.0	0.0
988	0.0	0.0	0.0	0.0	0.0	0.0	0.0	0.0	0.0	0.0
989	0.0	0.0	0.0	0.0	0.0	0.0	0.0	0.0	0.0	0.0
990	0.0	0.0	0.0	0.0	0.0	0.0	0.0	0.0	0.0	0.0
991	0.0	0.0	0.0	0.0	0.0	0.0	0.0	0.0	0.0	0.0
992	0.0	0.0	0.0	0.0	0.0	0.0	0.0	0.0	0.0	0.0
993	0.0	0.0	0.0	0.0	0.0	0.0	0.0	0.0	0.0	0.0
994	36.0	3.0	0.0	0.0	2.0	0.0	0.0	0.0	0.0	0.0
995	471.0	33.0	0.0	0.0	0.0	0.0	0.0	0.0	0.0	0.0
996	209.0	1.0	0.0	0.0	0.0	0.0	0.0	0.0	0.0	0.0
997	3547.0	116.0	0.0	0.0	0.0	0.0	0.0	0.0	0.0	0.0
998	0.0	0.0	0.0	0.0	0.0	0.0	0.0	0.0	0.0	0.0
999	446.0	0.0	0.0	0.0	0.0	0.0	0.0	0.0	0.0	0.0
1000	1115.0	0.0	0.0	0.0	0.0	0.0	0.0	0.0	0.0	0.0
1001	0.0	0.0	0.0	0.0	0.0	0.0	0.0	0.0	0.0	0.0
1002	3470.0	16.0	0.0	0.0	10.0	0.0	0.0	0.0	0.0	0.0
1003	30.0	0.0	0.0	0.0	0.0	0.0	0.0	0.0	0.0	0.0
1004	3916.0	0.0	0.0	0.0	0.0	0.0	0.0	0.0	0.0	0.0
1005	787.0	5.0	0.0	0.0	0.0	0.0	0.0	0.0	0.0	0.0
1006	97.0	0.0	0.0	0.0	0.0	0.0	0.0	0.0	0.0	0.0
1007	0.0	0.0	0.0	0.0	0.0	0.0	0.0	0.0	0.0	0.0
1008	0.0	0.0	0.0	0.0	0.0	0.0	0.0	0.0	0.0	0.0
1009	261.0	0.0	0.0	0.0	0.0	0.0	0.0	0.0	0.0	0.0
1010	66.0	0.0	0.0	0.0	0.0	0.0	0.0	0.0	0.0	0.0
1011	0.0	0.0	0.0	0.0	0.0	0.0	0.0	0.0	0.0	0.0
1012	22.0	0.0	0.0	0.0	0.0	0.0	0.0	0.0	0.0	0.0
1013	0.0	0.0	0.0	0.0	0.0	0.0	0.0	0.0	0.0	0.0
1014	0.0	0.0	0.0	0.0	0.0	0.0	0.0	0.0	0.0	0.0
1015	0.0	0.0	0.0	0.0	0.0	0.0	0.0	0.0	0.0	0.0
1016	713.0	15.0	0.0	0.0	0.0	0.0	0.0	0.0	0.0	0.0
1017	0.0	2.0	0.0	0.0	0.0	0.0	0.0	0.0	0.0	0.0
1018	553.0	0.0	0.0	0.0	0.0	0.0	0.0	0.0	0.0	0.0
1019	3.0	0.0	0.0	0.0	0.0	0.0	0.0	0.0	0.0	0.0
1020	0.0	0.0	0.0	0.0	0.0	0.0	0.0	0.0	0.0	0.0
1021	0.0	0.0	0.0	0.0	0.0	0.0	0.0	0.0	0.0	0.0
1022	0.0	0.0	0.0	0.0	0.0	0.0	0.0	0.0	0.0	0.0
1023	0.0	0.0	0.0	0.0	0.0	0.0	0.0	0.0	0.0	0.0
1024	145.0	0.0	0.0	0.0	0.0	0.0	0.0	0.0	0.0	0.0
1025	31.0	0.0	0.0	0.0	0.0	0.0	0.0	0.0	0.0	0.0
1026	0.0	0.0	0.0	0.0	0.0	0.0	0.0	0.0	0.0	0.0
1027	0.0	0.0	0.0	0.0	0.0	0.0	0.0	0.0	0.0	0.0
1028	1703.0	0.0	0.0	0.0	0.0	0.0	0.0	0.0	0.0	0.0
1029	911.0	0.0	0.0	0.0	0.0	0.0	0.0	0.0	0.0	0.0
1030	0.0	0.0	0.0	0.0	0.0	0.0	0.0	0.0	0.0	0.0
1031	0.0	0.0	0.0	0.0	0.0	0.0	0.0	0.0	0.0	0.0
1032	203.0	0.0	0.0	0.0	0.0	0.0	0.0	0.0	0.0	0.0
1033	423.0	3.0	0.0	0.0	0.0	0.0	0.0	0.0	0.0	0.0
1034	512.0	4.0	0.0	0.0	0.0	0.0	0.0	0.0	0.0	0.0
1035	0.0	0.0	0.0	0.0	0.0	0.0	0.0	0.0	0.0	0.0
1036	14.0	0.0	0.0	0.0	0.0	0.0	0.0	0.0	0.0	0.0
1037	0.0	0.0	0.0	0.0	0.0	0.0	0.0	0.0	0.0	0.0
1038	66.0	0.0	0.0	0.0	0.0	0.0	0.0	0.0	0.0	0.0
1039	0.0	0.0	0.0	0.0	0.0	0.0	0.0	0.0	0.0	0.0
1040	1557.0	0.0	0.0	0.0	0.0	0.0	0.0	0.0	0.0	0.0
1041	0.0	0.0	0.0	0.0	0.0	0.0	0.0	0.0	0.0	0.0
1042	66.0	1.0	0.0	0.0	0.0	0.0	0.0	0.0	0.0	0.0
1043	2.0	0.0	0.0	0.0	0.0	0.0	0.0	0.0	0.0	0.0
1044	0.0	0.0	0.0	0.0	0.0	0.0	0.0	0.0	0.0	0.0
1045	129.0	0.0	0.0	0.0	0.0	0.0	0.0	0.0	0.0	0.0
1046	0.0	0.0	0.0	0.0	0.0	0.0	0.0	0.0	0.0	0.0
1047	0.0	0.0	0.0	0.0	0.0	0.0	0.0	0.0	0.0	0.0
1048	0.0	0.0	0.0	0.0	0.0	0.0	0.0	0.0	0.0	0.0
1049	461.0	0.0	0.0	0.0	0.0	0.0	0.0	0.0	0.0	0.0
1050	5.0	0.0	0.0	0.0	0.0	0.0	0.0	0.0	0.0	0.0
1051	831.0	10.0	0.0	0.0	0.0	0.0	0.0	0.0	0.0	0.0
1052	0.0	0.0	0.0	0.0	0.0	0.0	0.0	0.0	0.0	0.0
1053	0.0	0.0	0.0	0.0	0.0	0.0	0.0	0.0	0.0	0.0
1054	0.0	0.0	0.0	0.0	0.0	0.0	0.0	0.0	0.0	0.0
1055	47.0	0.0	0.0	0.0	0.0	0.0	0.0	0.0	0.0	0.0
1056	410.0	0.0	0.0	0.0	0.0	0.0	0.0	0.0	0.0	0.0
1057	0.0	0.0	0.0	0.0	0.0	0.0	0.0	0.0	0.0	0.0
1058	42.0	0.0	0.0	0.0	0.0	0.0	0.0	0.0	0.0	0.0
1059	0.0	0.0	0.0	0.0	0.0	0.0	0.0	0.0	0.0	0.0
1060	0.0	0.0	0.0	0.0	0.0	0.0	0.0	0.0	0.0	0.0
1061	63.0	0.0	0.0	0.0	0.0	0.0	0.0	0.0	0.0	0.0
1062	0.0	0.0	0.0	0.0	0.0	0.0	0.0	0.0	0.0	0.0
1063	0.0	0.0	0.0	0.0	0.0	0.0	0.0	0.0	0.0	0.0
1064	402.0	0.0	0.0	0.0	0.0	0.0	0.0	0.0	0.0	0.0
1065	0.0	0.0	0.0	0.0	0.0	0.0	0.0	0.0	0.0	0.0
1066	57.0	1.0	0.0	0.0	0.0	0.0	0.0	0.0	0.0	0.0
1067	0.0	0.0	0.0	0.0	0.0	0.0	0.0	0.0	0.0	0.0
1068	0.0	0.0	0.0	0.0	0.0	0.0	0.0	0.0	0.0	0.0
1069	0.0	0.0	0.0	0.0	0.0	0.0	0.0	0.0	0.0	0.0
1070	0.0	0.0	0.0	0.0	0.0	0.0	0.0	0.0	0.0	0.0
1071	0.0	0.0	0.0	0.0	0.0	0.0	0.0	0.0	0.0	0.0
1072	4.0	0.0	0.0	0.0	0.0	0.0	0.0	0.0	0.0	0.0
1073	0.0	0.0	0.0	0.0	0.0	0.0	0.0	0.0	0.0	0.0
1074	0.0	0.0	0.0	0.0	0.0	0.0	0.0	0.0	0.0	0.0
1075	137.0	0.0	0.0	0.0	0.0	0.0	0.0	0.0	0.0	0.0
1076	1214.0	0.0	0.0	0.0	0.0	0.0	0.0	0.0	0.0	0.0
1077	5.0	0.0	0.0	0.0	0.0	0.0	0.0	0.0	0.0	0.0
1078	0.0	0.0	0.0	0.0	0.0	0.0	0.0	0.0	0.0	0.0
1079	0.0	0.0	0.0	0.0	0.0	0.0	0.0	0.0	0.0	0.0
1080	65.0	0.0	0.0	0.0	0.0	0.0	0.0	0.0	0.0	0.0
1081	0.0	0.0	0.0	0.0	0.0	0.0	0.0	0.0	0.0	0.0
1082	60.0	0.0	0.0	0.0	0.0	0.0	0.0	0.0	0.0	0.0
1083	0.0	0.0	0.0	0.0	0.0	0.0	0.0	0.0	0.0	0.0
1084	609.0	0.0	0.0	0.0	0.0	0.0	0.0	0.0	0.0	0.0
1085	0.0	0.0	0.0	0.0	0.0	0.0	0.0	0.0	0.0	0.0
1086	21.0	0.0	0.0	0.0	0.0	0.0	0.0	0.0	0.0	0.0
1087	0.0	0.0	0.0	0.0	0.0	0.0	0.0	0.0	0.0	0.0
1088	0.0	0.0	0.0	0.0	0.0	0.0	0.0	0.0	0.0	0.0
1089	197.0	0.0	0.0	0.0	0.0	0.0	0.0	0.0	0.0	0.0
1090	0.0	0.0	0.0	0.0	0.0	0.0	0.0	0.0	0.0	0.0
1091	0.0	0.0	0.0	0.0	0.0	0.0	0.0	0.0	0.0	0.0
1092	0.0	0.0	0.0	0.0	0.0	0.0	0.0	0.0	0.0	0.0
1093	242.0	0.0	0.0	0.0	0.0	0.0	0.0	0.0	0.0	0.0
1094	0.0	0.0	0.0	0.0	0.0	0.0	0.0	0.0	0.0	0.0
1095	74.0	5.0	0.0	0.0	0.0	0.0	0.0	0.0	0.0	0.0
1096	0.0	0.0	0.0	0.0	0.0	0.0	0.0	0.0	0.0	0.0
1097	0.0	0.0	0.0	0.0	0.0	0.0	0.0	0.0	0.0	0.0
1098	0.0	0.0	0.0	0.0	0.0	0.0	0.0	0.0	0.0	0.0
1099	1324.0	1.0	0.0	0.0	0.0	0.0	0.0	0.0	0.0	0.0
1100	0.0	0.0	0.0	0.0	0.0	0.0	0.0	0.0	0.0	0.0
1101	0.0	0.0	0.0	0.0	0.0	0.0	0.0	0.0	0.0	0.0
1102	0.0	0.0	0.0	0.0	0.0	0.0	0.0	0.0	0.0	0.0
1103	0.0	0.0	0.0	0.0	0.0	0.0	0.0	0.0	0.0	0.0
1104	0.0	0.0	0.0	0.0	0.0	0.0	0.0	0.0	0.0	0.0
1105	0.0	0.0	0.0	0.0	0.0	0.0	0.0	0.0	0.0	0.0
1106	4.0	0.0	0.0	0.0	0.0	0.0	0.0	0.0	0.0	0.0
1107	0.0	0.0	0.0	0.0	0.0	0.0	0.0	0.0	0.0	0.0
1108	0.0	0.0	0.0	0.0	0.0	0.0	0.0	0.0	0.0	0.0
1109	83.0	0.0	0.0	0.0	0.0	0.0	0.0	0.0	0.0	0.0
1110	6.0	0.0	0.0	0.0	0.0	0.0	0.0	0.0	0.0	0.0
1111	4.0	0.0	0.0	0.0	0.0	0.0	0.0	0.0	0.0	0.0
1112	0.0	0.0	0.0	0.0	0.0	0.0	0.0	0.0	0.0	0.0
1113	0.0	1.0	0.0	0.0	1.0	0.0	0.0	0.0	0.0	0.0
1114	0.0	0.0	0.0	0.0	0.0	0.0	0.0	0.0	0.0	0.0
1115	2.0	0.0	0.0	0.0	0.0	0.0	0.0	0.0	0.0	0.0
1116	74.0	0.0	0.0	0.0	0.0	0.0	0.0	0.0	0.0	0.0
1117	0.0	0.0	0.0	0.0	0.0	0.0	0.0	0.0	0.0	0.0
1118	0.0	1.0	0.0	0.0	0.0	0.0	0.0	0.0	0.0	0.0
1119	2.0	0.0	0.0	0.0	0.0	0.0	0.0	0.0	0.0	0.0
1120	16.0	0.0	0.0	0.0	0.0	0.0	0.0	0.0	0.0	0.0
1121	50.0	0.0	0.0	0.0	0.0	0.0	0.0	0.0	0.0	0.0
1122	0.0	0.0	0.0	0.0	0.0	0.0	0.0	0.0	0.0	0.0
1123	0.0	0.0	0.0	0.0	0.0	0.0	0.0	0.0	0.0	0.0
1124	0.0	0.0	0.0	0.0	0.0	0.0	0.0	0.0	0.0	0.0
1125	0.0	0.0	0.0	0.0	0.0	0.0	0.0	0.0	0.0	0.0
1126	0.0	0.0	0.0	0.0	0.0	0.0	0.0	0.0	0.0	0.0
1127	0.0	0.0	0.0	0.0	0.0	0.0	0.0	0.0	0.0	0.0
1128	0.0	0.0	0.0	0.0	0.0	0.0	0.0	0.0	0.0	0.0
1129	28.0	0.0	0.0	0.0	0.0	0.0	0.0	0.0	0.0	0.0
1130	1211.0	1.0	0.0	0.0	0.0	0.0	0.0	0.0	0.0	0.0
1131	0.0	0.0	0.0	0.0	0.0	0.0	0.0	0.0	0.0	0.0
1132	0.0	0.0	0.0	0.0	0.0	0.0	0.0	0.0	0.0	0.0
1133	224.0	0.0	0.0	0.0	0.0	0.0	0.0	0.0	0.0	0.0
1134	0.0	0.0	0.0	0.0	0.0	0.0	0.0	0.0	0.0	0.0
1135	0.0	0.0	0.0	0.0	0.0	0.0	0.0	0.0	0.0	0.0
1136	0.0	0.0	0.0	0.0	0.0	0.0	0.0	0.0	0.0	0.0
1137	0.0	0.0	0.0	0.0	0.0	0.0	0.0	0.0	0.0	0.0
1138	0.0	0.0	0.0	0.0	0.0	0.0	0.0	0.0	0.0	0.0
1139	0.0	0.0	0.0	0.0	0.0	0.0	0.0	0.0	0.0	0.0
1140	0.0	0.0	0.0	0.0	0.0	0.0	0.0	0.0	0.0	0.0
1141	18.0	0.0	0.0	0.0	0.0	0.0	0.0	0.0	0.0	0.0
1142	0.0	0.0	0.0	0.0	0.0	0.0	0.0	0.0	0.0	0.0
1143	0.0	0.0	0.0	0.0	0.0	0.0	0.0	0.0	0.0	0.0
1144	0.0	0.0	0.0	0.0	0.0	0.0	0.0	0.0	0.0	0.0
1145	27.0	0.0	0.0	0.0	0.0	0.0	0.0	0.0	0.0	0.0
1146	0.0	0.0	0.0	0.0	0.0	0.0	0.0	0.0	0.0	0.0
1147	0.0	0.0	0.0	0.0	0.0	0.0	0.0	0.0	0.0	0.0
1148	0.0	2.0	0.0	0.0	0.0	0.0	0.0	0.0	0.0	0.0
1149	0.0	0.0	0.0	0.0	0.0	0.0	0.0	0.0	0.0	0.0
1150	0.0	0.0	0.0	0.0	0.0	0.0	0.0	0.0	0.0	0.0
1151	0.0	0.0	0.0	0.0	0.0	0.0	0.0	0.0	0.0	0.0
1152	365.0	0.0	0.0	0.0	0.0	0.0	0.0	0.0	0.0	0.0
1153	426.0	0.0	0.0	0.0	0.0	0.0	0.0	0.0	0.0	0.0
1154	6.0	0.0	0.0	0.0	0.0	0.0	0.0	0.0	0.0	0.0
1155	1.0	0.0	0.0	0.0	0.0	0.0	0.0	0.0	0.0	0.0
1156	0.0	0.0	0.0	0.0	0.0	0.0	0.0	0.0	0.0	0.0
1157	0.0	0.0	0.0	0.0	0.0	0.0	0.0	0.0	0.0	0.0
1158	451.0	0.0	0.0	0.0	0.0	0.0	0.0	0.0	0.0	0.0
1159	11.0	0.0	0.0	0.0	0.0	0.0	0.0	0.0	0.0	0.0
1160	0.0	0.0	0.0	0.0	0.0	0.0	0.0	0.0	0.0	0.0
1161	5.0	0.0	0.0	0.0	0.0	0.0	0.0	0.0	0.0	0.0
1162	0.0	0.0	0.0	0.0	0.0	0.0	0.0	0.0	0.0	0.0
1163	36.0	0.0	0.0	0.0	0.0	0.0	0.0	0.0	0.0	0.0
1164	57.0	0.0	0.0	0.0	0.0	0.0	0.0	0.0	0.0	0.0
1165	0.0	0.0	0.0	0.0	0.0	0.0	0.0	0.0	0.0	0.0
1166	0.0	0.0	0.0	0.0	0.0	0.0	0.0	0.0	0.0	0.0
1167	0.0	0.0	0.0	0.0	0.0	0.0	0.0	0.0	0.0	0.0
1168	5.0	0.0	0.0	0.0	0.0	0.0	0.0	0.0	0.0	0.0
1169	0.0	0.0	0.0	0.0	0.0	0.0	0.0	0.0	0.0	0.0
1170	80.0	0.0	0.0	0.0	0.0	0.0	0.0	0.0	0.0	0.0
1171	202.0	0.0	0.0	0.0	0.0	0.0	0.0	0.0	0.0	0.0
1172	6.0	0.0	0.0	0.0	0.0	0.0	0.0	0.0	0.0	0.0
1173	0.0	0.0	0.0	0.0	0.0	0.0	0.0	0.0	0.0	0.0
1174	570.0	0.0	0.0	0.0	0.0	0.0	0.0	0.0	0.0	0.0
1175	64.0	0.0	0.0	0.0	0.0	0.0	0.0	0.0	0.0	0.0
1176	0.0	0.0	0.0	0.0	0.0	0.0	0.0	0.0	0.0	0.0
1177	0.0	0.0	0.0	0.0	0.0	0.0	0.0	0.0	0.0	0.0
1178	0.0	0.0	0.0	0.0	0.0	0.0	0.0	0.0	0.0	0.0
1179	0.0	0.0	0.0	0.0	0.0	0.0	0.0	0.0	0.0	0.0
1180	0.0	0.0	0.0	0.0	0.0	0.0	0.0	0.0	0.0	0.0
1181	0.0	0.0	0.0	0.0	0.0	0.0	0.0	0.0	0.0	0.0
1182	1095.0	0.0	0.0	0.0	0.0	0.0	0.0	0.0	0.0	0.0
1183	0.0	0.0	0.0	0.0	0.0	0.0	0.0	0.0	0.0	0.0
1184	1.0	2.0	0.0	0.0	0.0	0.0	0.0	0.0	0.0	0.0
1185	0.0	0.0	0.0	0.0	0.0	0.0	0.0	0.0	0.0	0.0
1186	0.0	0.0	0.0	0.0	0.0	0.0	0.0	0.0	0.0	0.0
1187	0.0	0.0	0.0	0.0	0.0	0.0	0.0	0.0	0.0	0.0
1188	0.0	0.0	0.0	0.0	0.0	0.0	0.0	0.0	0.0	0.0
1189	0.0	0.0	0.0	0.0	0.0	0.0	0.0	0.0	0.0	0.0
1190	3.0	0.0	0.0	0.0	0.0	0.0	0.0	0.0	0.0	0.0
1191	0.0	0.0	0.0	0.0	0.0	0.0	0.0	0.0	0.0	0.0
1192	0.0	0.0	0.0	0.0	0.0	0.0	0.0	0.0	0.0	0.0
1193	0.0	0.0	0.0	0.0	0.0	0.0	0.0	0.0	0.0	0.0
1194	0.0	0.0	0.0	0.0	0.0	0.0	0.0	0.0	0.0	0.0
1195	0.0	0.0	0.0	0.0	0.0	0.0	0.0	0.0	0.0	0.0
1196	0.0	0.0	0.0	0.0	0.0	0.0	0.0	0.0	0.0	0.0
1197	193.0	0.0	0.0	0.0	0.0	0.0	0.0	0.0	0.0	0.0
1198	440.0	0.0	0.0	0.0	0.0	0.0	0.0	0.0	0.0	0.0
1199	202.0	0.0	0.0	0.0	0.0	0.0	0.0	0.0	0.0	0.0
1200	0.0	0.0	0.0	0.0	0.0	0.0	0.0	0.0	0.0	0.0
1201	0.0	0.0	0.0	0.0	0.0	0.0	0.0	0.0	0.0	0.0
1202	0.0	0.0	0.0	0.0	0.0	0.0	0.0	0.0	0.0	0.0
1203	10.0	0.0	0.0	0.0	0.0	0.0	0.0	0.0	0.0	0.0
1204	0.0	0.0	0.0	0.0	0.0	0.0	0.0	0.0	0.0	0.0
1205	0.0	0.0	0.0	0.0	0.0	0.0	0.0	0.0	0.0	0.0
1206	7.0	0.0	0.0	0.0	0.0	0.0	0.0	0.0	0.0	0.0
1207	67.0	0.0	0.0	0.0	0.0	0.0	0.0	0.0	0.0	0.0
1208	0.0	0.0	0.0	0.0	0.0	0.0	0.0	0.0	0.0	0.0
1209	25.0	0.0	0.0	0.0	0.0	0.0	0.0	0.0	0.0	0.0
1210	0.0	0.0	0.0	0.0	0.0	0.0	0.0	0.0	0.0	0.0
1211	0.0	0.0	0.0	0.0	0.0	0.0	0.0	0.0	0.0	0.0
1212	0.0	0.0	0.0	0.0	0.0	0.0	0.0	0.0	0.0	0.0
1213	0.0	0.0	0.0	0.0	0.0	0.0	0.0	0.0	0.0	0.0
1214	0.0	0.0	0.0	0.0	0.0	0.0	0.0	0.0	0.0	0.0
1215	0.0	0.0	0.0	0.0	0.0	0.0	0.0	0.0	0.0	0.0
1216	0.0	0.0	0.0	0.0	0.0	0.0	0.0	0.0	0.0	0.0
1217	0.0	0.0	0.0	0.0	0.0	0.0	0.0	0.0	0.0	0.0
1218	0.0	0.0	0.0	0.0	0.0	0.0	0.0	0.0	0.0	0.0
1219	0.0	0.0	0.0	0.0	0.0	0.0	0.0	0.0	0.0	0.0
1220	0.0	0.0	0.0	0.0	0.0	0.0	0.0	0.0	0.0	0.0
1221	135.0	0.0	0.0	0.0	0.0	0.0	0.0	0.0	0.0	0.0
1222	419.0	5.0	0.0	0.0	0.0	0.0	0.0	0.0	0.0	0.0
1223	0.0	0.0	0.0	0.0	0.0	0.0	0.0	0.0	0.0	0.0
1224	0.0	0.0	0.0	0.0	0.0	0.0	0.0	0.0	0.0	0.0
1225	121.0	7.0	0.0	0.0	0.0	0.0	0.0	0.0	0.0	0.0
1226	34.0	0.0	0.0	0.0	0.0	0.0	0.0	0.0	0.0	0.0
1227	0.0	0.0	0.0	0.0	0.0	0.0	0.0	0.0	0.0	0.0
1228	0.0	0.0	0.0	0.0	0.0	0.0	0.0	0.0	0.0	0.0
1229	0.0	0.0	0.0	0.0	0.0	0.0	0.0	0.0	0.0	0.0
1230	0.0	0.0	0.0	0.0	0.0	0.0	0.0	0.0	0.0	0.0
1231	0.0	0.0	0.0	0.0	0.0	0.0	0.0	0.0	0.0	0.0
1232	0.0	0.0	0.0	0.0	0.0	0.0	0.0	0.0	0.0	0.0
1233	26.0	0.0	0.0	0.0	0.0	0.0	0.0	0.0	0.0	0.0
1234	0.0	0.0	0.0	0.0	0.0	0.0	0.0	0.0	0.0	0.0
1235	0.0	0.0	0.0	0.0	0.0	0.0	0.0	0.0	0.0	0.0
1236	0.0	0.0	0.0	0.0	0.0	0.0	0.0	0.0	0.0	0.0
1237	0.0	0.0	0.0	0.0	0.0	0.0	0.0	0.0	0.0	0.0
1238	0.0	0.0	0.0	0.0	0.0	0.0	0.0	0.0	0.0	0.0
1239	77.0	1.0	0.0	0.0	0.0	0.0	0.0	0.0	0.0	0.0
1240	0.0	0.0	0.0	0.0	0.0	0.0	0.0	0.0	0.0	0.0
1241	98.0	0.0	0.0	0.0	0.0	0.0	0.0	0.0	0.0	0.0
1242	9.0	0.0	0.0	0.0	0.0	0.0	0.0	0.0	0.0	0.0
1243	0.0	0.0	0.0	0.0	0.0	0.0	0.0	0.0	0.0	0.0
1244	0.0	0.0	0.0	0.0	0.0	0.0	0.0	0.0	0.0	0.0
1245	0.0	0.0	0.0	0.0	0.0	0.0	0.0	0.0	0.0	0.0
1246	0.0	0.0	0.0	0.0	0.0	0.0	0.0	0.0	0.0	0.0
1247	0.0	0.0	0.0	0.0	0.0	0.0	0.0	0.0	0.0	0.0
1248	0.0	0.0	0.0	0.0	0.0	0.0	0.0	0.0	0.0	0.0
1249	13.0	0.0	0.0	0.0	0.0	0.0	0.0	0.0	0.0	0.0
1250	0.0	0.0	0.0	0.0	0.0	0.0	0.0	0.0	0.0	0.0
1251	0.0	0.0	0.0	0.0	0.0	0.0	0.0	0.0	0.0	0.0
1252	0.0	0.0	0.0	0.0	0.0	0.0	1.0	0.0	0.0	0.0
1253	0.0	0.0	0.0	0.0	0.0	0.0	0.0	0.0	0.0	0.0
1254	0.0	0.0	0.0	0.0	0.0	0.0	0.0	0.0	0.0	0.0
1255	0.0	0.0	0.0	0.0	0.0	0.0	0.0	0.0	0.0	0.0
1256	0.0	0.0	0.0	0.0	0.0	0.0	0.0	0.0	0.0	0.0
1257	0.0	0.0	0.0	0.0	0.0	0.0	0.0	0.0	0.0	0.0
1258	0.0	0.0	0.0	0.0	0.0	0.0	0.0	0.0	0.0	0.0
1259	0.0	0.0	0.0	0.0	0.0	0.0	0.0	0.0	0.0	0.0
1260	0.0	0.0	0.0	0.0	0.0	0.0	0.0	0.0	0.0	0.0
1261	0.0	0.0	0.0	0.0	0.0	0.0	0.0	0.0	0.0	0.0
1262	34.0	0.0	0.0	0.0	0.0	0.0	0.0	0.0	0.0	0.0
1263	13.0	0.0	0.0	0.0	0.0	0.0	0.0	0.0	0.0	0.0
1264	0.0	0.0	0.0	0.0	0.0	0.0	0.0	0.0	0.0	0.0
1265	0.0	0.0	0.0	0.0	0.0	0.0	0.0	0.0	0.0	0.0
1266	0.0	0.0	0.0	0.0	0.0	0.0	0.0	0.0	0.0	0.0
1267	41.0	0.0	0.0	0.0	0.0	0.0	0.0	0.0	0.0	0.0
1268	0.0	0.0	0.0	0.0	0.0	0.0	0.0	0.0	0.0	0.0
1269	16.0	0.0	0.0	0.0	0.0	0.0	0.0	0.0	0.0	0.0
1270	4.0	0.0	0.0	0.0	0.0	0.0	0.0	0.0	0.0	0.0
1271	0.0	0.0	0.0	0.0	0.0	0.0	0.0	0.0	0.0	0.0
1272	12.0	0.0	0.0	0.0	0.0	0.0	0.0	0.0	0.0	0.0
1273	0.0	0.0	0.0	0.0	0.0	0.0	0.0	0.0	0.0	0.0
1274	261.0	0.0	0.0	0.0	0.0	0.0	0.0	0.0	0.0	0.0
1275	1.0	0.0	0.0	0.0	0.0	0.0	0.0	0.0	0.0	0.0
1276	0.0	0.0	0.0	0.0	0.0	0.0	0.0	0.0	0.0	0.0
1277	0.0	0.0	0.0	0.0	0.0	0.0	0.0	0.0	0.0	0.0
1278	12.0	0.0	0.0	0.0	0.0	0.0	0.0	0.0	0.0	0.0
1279	0.0	0.0	0.0	0.0	0.0	0.0	0.0	0.0	0.0	0.0
1280	0.0	0.0	0.0	0.0	0.0	0.0	0.0	0.0	0.0	0.0
1281	0.0	0.0	0.0	0.0	0.0	0.0	0.0	0.0	0.0	0.0
1282	0.0	0.0	0.0	0.0	0.0	0.0	0.0	0.0	0.0	0.0
1283	0.0	0.0	0.0	0.0	0.0	0.0	0.0	0.0	0.0	0.0
1284	0.0	0.0	0.0	0.0	0.0	0.0	0.0	0.0	0.0	0.0
1285	0.0	0.0	0.0	0.0	0.0	0.0	0.0	0.0	0.0	0.0
1286	0.0	0.0	0.0	0.0	0.0	0.0	0.0	0.0	0.0	0.0
1287	3.0	0.0	0.0	0.0	0.0	0.0	0.0	0.0	0.0	0.0
1288	0.0	0.0	0.0	0.0	0.0	0.0	0.0	0.0	0.0	0.0
1289	0.0	0.0	0.0	0.0	0.0	0.0	0.0	0.0	0.0	0.0
1290	33.0	0.0	0.0	0.0	0.0	0.0	0.0	0.0	0.0	0.0
1291	12.0	1.0	0.0	0.0	0.0	0.0	0.0	0.0	0.0	0.0
1292	0.0	0.0	0.0	0.0	0.0	0.0	0.0	0.0	0.0	0.0
1293	0.0	0.0	0.0	0.0	0.0	0.0	0.0	0.0	0.0	0.0
1294	10.0	0.0	0.0	0.0	0.0	0.0	0.0	0.0	0.0	0.0
1295	0.0	0.0	0.0	0.0	0.0	0.0	0.0	0.0	0.0	0.0
1296	52.0	0.0	0.0	0.0	0.0	0.0	0.0	0.0	0.0	0.0
1297	0.0	0.0	0.0	0.0	0.0	0.0	0.0	0.0	0.0	0.0
1298	3.0	0.0	0.0	0.0	0.0	0.0	0.0	0.0	0.0	0.0
1299	0.0	0.0	0.0	0.0	0.0	0.0	0.0	0.0	0.0	0.0
1300	0.0	0.0	0.0	0.0	0.0	0.0	0.0	0.0	0.0	0.0
1301	0.0	0.0	0.0	0.0	0.0	0.0	0.0	0.0	0.0	0.0
1302	0.0	0.0	0.0	0.0	0.0	0.0	0.0	0.0	0.0	0.0
1303	0.0	0.0	0.0	0.0	0.0	0.0	0.0	0.0	0.0	0.0
1304	0.0	0.0	0.0	0.0	0.0	0.0	0.0	0.0	0.0	0.0
1305	0.0	0.0	0.0	0.0	0.0	0.0	0.0	0.0	0.0	0.0
1306	53.0	1.0	0.0	0.0	0.0	0.0	0.0	0.0	0.0	0.0
1307	0.0	0.0	0.0	0.0	0.0	0.0	0.0	0.0	0.0	0.0
1308	0.0	0.0	0.0	0.0	0.0	0.0	0.0	0.0	0.0	0.0
1309	0.0	0.0	0.0	0.0	0.0	0.0	0.0	0.0	0.0	0.0
1310	104.0	0.0	0.0	0.0	0.0	0.0	0.0	0.0	0.0	0.0
1311	115.0	0.0	0.0	0.0	0.0	0.0	0.0	0.0	0.0	0.0
1312	19.0	0.0	0.0	0.0	0.0	0.0	0.0	0.0	0.0	0.0
1313	82.0	0.0	0.0	0.0	0.0	0.0	0.0	0.0	0.0	0.0
1314	40.0	0.0	0.0	0.0	0.0	0.0	0.0	0.0	0.0	0.0
1315	0.0	0.0	0.0	0.0	0.0	0.0	0.0	0.0	0.0	0.0
1316	2.0	0.0	0.0	0.0	0.0	0.0	0.0	0.0	0.0	0.0
1317	25.0	0.0	0.0	0.0	0.0	0.0	0.0	0.0	0.0	0.0
1318	0.0	0.0	0.0	0.0	0.0	0.0	0.0	0.0	0.0	0.0
1319	11.0	0.0	0.0	0.0	0.0	0.0	0.0	0.0	0.0	0.0
1320	0.0	0.0	0.0	0.0	0.0	0.0	0.0	0.0	0.0	0.0
1321	0.0	0.0	0.0	0.0	0.0	0.0	0.0	0.0	0.0	0.0
1322	10.0	0.0	0.0	0.0	0.0	0.0	0.0	0.0	0.0	0.0
1323	153.0	0.0	0.0	0.0	0.0	0.0	0.0	0.0	0.0	0.0
1324	5.0	0.0	0.0	0.0	0.0	0.0	0.0	0.0	0.0	0.0
1325	15.0	0.0	0.0	0.0	0.0	0.0	0.0	0.0	0.0	0.0
1326	0.0	0.0	0.0	0.0	0.0	0.0	0.0	0.0	0.0	0.0
1327	9.0	0.0	0.0	0.0	0.0	0.0	0.0	0.0	0.0	0.0
1328	4.0	0.0	0.0	0.0	0.0	0.0	0.0	0.0	0.0	0.0
1329	0.0	0.0	0.0	0.0	0.0	0.0	0.0	0.0	0.0	0.0
1330	0.0	0.0	0.0	0.0	0.0	0.0	0.0	0.0	0.0	0.0
1331	0.0	0.0	0.0	0.0	0.0	0.0	0.0	0.0	0.0	0.0
1332	0.0	0.0	0.0	0.0	0.0	0.0	0.0	0.0	0.0	0.0
1333	0.0	0.0	0.0	0.0	0.0	0.0	0.0	0.0	0.0	0.0
1334	0.0	0.0	0.0	0.0	0.0	0.0	0.0	0.0	0.0	0.0
1335	4.0	0.0	0.0	0.0	0.0	0.0	0.0	0.0	0.0	0.0
1336	0.0	0.0	0.0	0.0	0.0	0.0	0.0	0.0	0.0	0.0
1337	0.0	0.0	0.0	0.0	0.0	0.0	0.0	0.0	0.0	0.0
1338	0.0	0.0	0.0	0.0	0.0	0.0	0.0	0.0	0.0	0.0
1339	86.0	2.0	0.0	0.0	0.0	0.0	0.0	0.0	0.0	0.0
1340	0.0	0.0	0.0	0.0	0.0	0.0	0.0	0.0	0.0	0.0
1341	0.0	0.0	0.0	0.0	0.0	0.0	0.0	0.0	0.0	0.0
1342	7.0	0.0	0.0	0.0	0.0	0.0	0.0	0.0	0.0	0.0
1343	41.0	0.0	0.0	0.0	0.0	0.0	0.0	0.0	0.0	0.0
1344	0.0	0.0	0.0	0.0	0.0	0.0	0.0	0.0	0.0	0.0
1345	0.0	0.0	0.0	0.0	0.0	0.0	0.0	0.0	0.0	0.0
1346	0.0	0.0	0.0	0.0	0.0	0.0	0.0	0.0	0.0	0.0
1347	0.0	0.0	0.0	0.0	0.0	0.0	0.0	0.0	0.0	0.0
1348	0.0	0.0	0.0	0.0	0.0	0.0	0.0	0.0	0.0	0.0
1349	0.0	0.0	0.0	0.0	0.0	0.0	0.0	0.0	0.0	0.0
1350	0.0	0.0	0.0	0.0	0.0	0.0	0.0	0.0	0.0	0.0
1351	40.0	0.0	0.0	0.0	0.0	0.0	0.0	0.0	0.0	0.0
1352	0.0	0.0	0.0	0.0	0.0	0.0	0.0	0.0	0.0	0.0
1353	0.0	0.0	0.0	0.0	0.0	0.0	0.0	0.0	0.0	0.0
1354	0.0	0.0	0.0	0.0	0.0	0.0	0.0	0.0	0.0	0.0
1355	0.0	0.0	0.0	0.0	0.0	0.0	0.0	0.0	0.0	0.0
1356	0.0	0.0	0.0	0.0	0.0	0.0	0.0	0.0	0.0	0.0
1357	34.0	0.0	0.0	0.0	0.0	0.0	0.0	0.0	0.0	0.0
1358	0.0	0.0	0.0	0.0	0.0	0.0	0.0	0.0	0.0	0.0
1359	0.0	0.0	0.0	0.0	0.0	0.0	0.0	0.0	0.0	0.0
1360	0.0	0.0	0.0	0.0	0.0	0.0	0.0	0.0	0.0	0.0
1361	0.0	0.0	0.0	0.0	0.0	0.0	0.0	0.0	0.0	0.0
1362	7.0	0.0	0.0	0.0	0.0	0.0	0.0	0.0	0.0	0.0
1363	0.0	0.0	0.0	0.0	0.0	0.0	0.0	0.0	0.0	0.0
1364	0.0	0.0	0.0	0.0	0.0	0.0	0.0	0.0	0.0	0.0
1365	12.0	0.0	0.0	0.0	0.0	0.0	0.0	0.0	0.0	0.0
1366	0.0	0.0	0.0	0.0	0.0	0.0	0.0	0.0	0.0	0.0
1367	0.0	0.0	0.0	0.0	0.0	0.0	0.0	0.0	0.0	0.0
1368	0.0	0.0	0.0	0.0	0.0	0.0	0.0	0.0	0.0	0.0
1369	0.0	0.0	0.0	0.0	0.0	0.0	0.0	0.0	0.0	0.0
1370	0.0	0.0	0.0	0.0	0.0	0.0	0.0	0.0	0.0	0.0
1371	0.0	0.0	0.0	0.0	0.0	0.0	0.0	0.0	0.0	0.0
1372	0.0	0.0	0.0	0.0	0.0	0.0	0.0	0.0	0.0	0.0
1373	4.0	0.0	0.0	0.0	0.0	0.0	0.0	0.0	0.0	0.0
1374	143.0	2.0	0.0	0.0	0.0	0.0	0.0	0.0	0.0	0.0
1375	7.0	0.0	0.0	0.0	0.0	0.0	0.0	0.0	0.0	0.0
1376	0.0	0.0	0.0	0.0	0.0	0.0	0.0	0.0	0.0	0.0
1377	0.0	0.0	0.0	0.0	0.0	0.0	0.0	0.0	0.0	0.0
1378	0.0	0.0	0.0	0.0	0.0	0.0	0.0	0.0	0.0	0.0
1379	0.0	0.0	0.0	0.0	0.0	0.0	0.0	0.0	0.0	0.0
1380	0.0	0.0	0.0	0.0	0.0	0.0	0.0	0.0	0.0	0.0
1381	0.0	0.0	0.0	0.0	0.0	0.0	0.0	0.0	0.0	0.0
1382	4.0	0.0	0.0	0.0	0.0	0.0	0.0	0.0	0.0	0.0
1383	0.0	0.0	0.0	0.0	0.0	0.0	0.0	0.0	0.0	0.0
1384	0.0	0.0	0.0	0.0	0.0	0.0	0.0	0.0	0.0	0.0
1385	0.0	0.0	0.0	0.0	0.0	0.0	0.0	0.0	0.0	0.0
1386	0.0	0.0	0.0	0.0	0.0	0.0	0.0	0.0	0.0	0.0
1387	0.0	0.0	0.0	0.0	0.0	0.0	0.0	0.0	0.0	0.0
1388	0.0	0.0	0.0	0.0	0.0	0.0	0.0	0.0	0.0	0.0
1389	0.0	0.0	0.0	0.0	0.0	0.0	0.0	0.0	0.0	0.0
1390	1.0	0.0	0.0	0.0	0.0	0.0	0.0	0.0	0.0	0.0
1391	0.0	0.0	0.0	0.0	0.0	0.0	0.0	0.0	0.0	0.0
1392	40.0	0.0	0.0	0.0	0.0	0.0	0.0	0.0	0.0	0.0
1393	25.0	0.0	0.0	0.0	0.0	0.0	0.0	0.0	0.0	0.0
1394	0.0	0.0	0.0	0.0	0.0	0.0	0.0	0.0	0.0	0.0
1395	0.0	0.0	0.0	0.0	0.0	0.0	0.0	0.0	0.0	0.0
1396	0.0	0.0	0.0	0.0	0.0	0.0	0.0	0.0	0.0	0.0
1397	0.0	0.0	0.0	0.0	0.0	0.0	0.0	0.0	0.0	0.0
1398	0.0	0.0	0.0	0.0	0.0	0.0	0.0	0.0	0.0	0.0
1399	2.0	0.0	0.0	0.0	0.0	0.0	0.0	0.0	0.0	0.0
1400	0.0	0.0	0.0	0.0	0.0	0.0	0.0	0.0	0.0	0.0
1401	0.0	0.0	0.0	0.0	0.0	0.0	0.0	0.0	0.0	0.0
1402	4.0	1.0	0.0	0.0	0.0	0.0	0.0	0.0	0.0	0.0
1403	0.0	0.0	0.0	0.0	0.0	0.0	0.0	0.0	0.0	0.0
1404	0.0	0.0	0.0	0.0	0.0	0.0	0.0	0.0	0.0	0.0
1405	0.0	0.0	0.0	0.0	0.0	0.0	0.0	0.0	0.0	0.0
1406	0.0	0.0	0.0	0.0	0.0	0.0	0.0	0.0	0.0	0.0
1407	0.0	0.0	0.0	0.0	0.0	0.0	0.0	0.0	0.0	0.0
1408	0.0	0.0	0.0	0.0	0.0	0.0	0.0	0.0	0.0	0.0
1409	0.0	0.0	0.0	0.0	0.0	0.0	0.0	0.0	0.0	0.0
1410	0.0	0.0	0.0	0.0	0.0	0.0	0.0	0.0	0.0	0.0
1411	0.0	0.0	0.0	0.0	0.0	0.0	0.0	0.0	0.0	0.0
1412	0.0	0.0	0.0	0.0	0.0	0.0	0.0	0.0	0.0	0.0
1413	1.0	0.0	0.0	0.0	0.0	0.0	0.0	0.0	0.0	0.0
1414	40.0	0.0	0.0	0.0	0.0	0.0	0.0	0.0	0.0	0.0
1415	0.0	0.0	0.0	0.0	0.0	0.0	0.0	0.0	0.0	0.0
1416	0.0	0.0	0.0	0.0	0.0	0.0	0.0	0.0	0.0	0.0
1417	115.0	0.0	0.0	0.0	0.0	0.0	0.0	0.0	0.0	0.0
1418	0.0	0.0	0.0	0.0	0.0	0.0	0.0	0.0	0.0	0.0
1419	0.0	0.0	0.0	0.0	0.0	0.0	0.0	0.0	0.0	0.0
1420	0.0	0.0	0.0	0.0	0.0	0.0	0.0	0.0	0.0	0.0
1421	3.0	0.0	0.0	0.0	0.0	0.0	0.0	0.0	0.0	0.0
1422	0.0	0.0	0.0	0.0	0.0	0.0	0.0	0.0	0.0	0.0
1423	0.0	0.0	0.0	0.0	0.0	0.0	0.0	0.0	0.0	0.0
1424	70.0	0.0	0.0	0.0	0.0	0.0	0.0	0.0	0.0	0.0
1425	0.0	0.0	0.0	0.0	0.0	0.0	0.0	0.0	0.0	0.0
1426	0.0	0.0	0.0	0.0	0.0	0.0	0.0	0.0	0.0	0.0
1427	0.0	0.0	0.0	0.0	0.0	0.0	0.0	0.0	0.0	0.0
1428	0.0	0.0	0.0	0.0	0.0	0.0	0.0	0.0	0.0	0.0
1429	0.0	0.0	0.0	0.0	0.0	0.0	0.0	0.0	0.0	0.0
1430	0.0	0.0	0.0	0.0	0.0	0.0	0.0	0.0	0.0	0.0
1431	0.0	0.0	0.0	0.0	0.0	0.0	0.0	0.0	0.0	0.0
1432	0.0	0.0	0.0	0.0	0.0	0.0	0.0	0.0	0.0	0.0
1433	0.0	0.0	0.0	0.0	0.0	0.0	0.0	0.0	0.0	0.0
1434	0.0	0.0	0.0	0.0	0.0	0.0	0.0	0.0	0.0	0.0
1435	41.0	0.0	0.0	0.0	0.0	0.0	0.0	0.0	0.0	0.0
1436	0.0	0.0	0.0	0.0	0.0	0.0	0.0	0.0	0.0	0.0
1437	0.0	0.0	0.0	0.0	0.0	0.0	0.0	0.0	0.0	0.0
1438	0.0	0.0	0.0	0.0	0.0	0.0	0.0	0.0	0.0	0.0
1439	0.0	0.0	0.0	0.0	0.0	0.0	0.0	0.0	0.0	0.0
1440	57.0	0.0	0.0	0.0	0.0	0.0	0.0	0.0	0.0	0.0
1441	0.0	0.0	0.0	0.0	0.0	0.0	0.0	0.0	0.0	0.0
1442	34.0	0.0	0.0	0.0	0.0	0.0	0.0	0.0	0.0	0.0
1443	0.0	0.0	0.0	0.0	0.0	0.0	0.0	0.0	0.0	0.0
1444	0.0	0.0	0.0	0.0	0.0	0.0	0.0	0.0	0.0	0.0
1445	0.0	0.0	0.0	0.0	0.0	0.0	0.0	0.0	0.0	0.0
1446	0.0	0.0	0.0	0.0	0.0	0.0	0.0	0.0	0.0	0.0
1447	0.0	0.0	0.0	0.0	0.0	0.0	0.0	0.0	0.0	0.0
1448	0.0	0.0	0.0	0.0	0.0	0.0	0.0	0.0	0.0	0.0
1449	0.0	0.0	0.0	0.0	0.0	0.0	0.0	0.0	0.0	0.0
1450	9.0	0.0	0.0	0.0	0.0	0.0	0.0	0.0	0.0	0.0
1451	0.0	0.0	0.0	0.0	0.0	0.0	0.0	0.0	0.0	0.0
1452	0.0	0.0	0.0	0.0	0.0	0.0	0.0	0.0	0.0	0.0
1453	0.0	0.0	0.0	0.0	0.0	0.0	0.0	0.0	0.0	0.0
1454	18.0	0.0	0.0	0.0	0.0	0.0	0.0	0.0	0.0	0.0
1455	4.0	0.0	0.0	0.0	0.0	0.0	0.0	0.0	0.0	0.0
1456	0.0	0.0	0.0	0.0	0.0	0.0	0.0	0.0	0.0	0.0
1457	3.0	0.0	0.0	0.0	0.0	0.0	0.0	0.0	0.0	0.0
1458	82.0	0.0	0.0	0.0	0.0	0.0	0.0	0.0	0.0	0.0
1459	0.0	0.0	0.0	0.0	0.0	0.0	0.0	0.0	0.0	0.0
1460	0.0	0.0	0.0	0.0	0.0	0.0	0.0	0.0	0.0	0.0
1461	0.0	0.0	0.0	0.0	0.0	0.0	0.0	0.0	0.0	0.0
1462	0.0	0.0	0.0	0.0	0.0	0.0	0.0	0.0	0.0	0.0
1463	0.0	0.0	0.0	0.0	0.0	0.0	0.0	0.0	0.0	0.0
1464	0.0	0.0	0.0	0.0	0.0	0.0	0.0	0.0	0.0	0.0
1465	0.0	0.0	0.0	0.0	0.0	0.0	0.0	0.0	0.0	0.0
1466	0.0	0.0	0.0	0.0	0.0	0.0	0.0	0.0	0.0	0.0
1467	0.0	0.0	0.0	0.0	0.0	0.0	0.0	0.0	0.0	0.0
1468	0.0	0.0	0.0	0.0	0.0	0.0	0.0	0.0	0.0	0.0
1469	0.0	0.0	0.0	0.0	0.0	0.0	0.0	0.0	0.0	0.0
1470	0.0	0.0	0.0	0.0	0.0	0.0	0.0	0.0	0.0	0.0
1471	0.0	0.0	0.0	0.0	0.0	0.0	0.0	0.0	0.0	0.0
1472	0.0	0.0	0.0	0.0	0.0	0.0	0.0	0.0	0.0	0.0
1473	2.0	0.0	0.0	0.0	0.0	0.0	0.0	0.0	0.0	0.0
1474	15.0	0.0	0.0	0.0	0.0	0.0	0.0	0.0	0.0	0.0
1475	0.0	0.0	0.0	0.0	0.0	0.0	0.0	0.0	0.0	0.0
1476	35.0	0.0	0.0	0.0	0.0	0.0	0.0	0.0	0.0	0.0
1477	0.0	0.0	0.0	0.0	0.0	0.0	0.0	0.0	0.0	0.0
1478	10.0	0.0	0.0	0.0	0.0	0.0	0.0	0.0	0.0	0.0
1479	0.0	0.0	0.0	0.0	0.0	0.0	0.0	0.0	0.0	0.0
1480	0.0	0.0	0.0	0.0	0.0	0.0	0.0	0.0	0.0	0.0
1481	3.0	0.0	0.0	0.0	0.0	0.0	0.0	0.0	0.0	0.0
1482	0.0	0.0	0.0	0.0	0.0	0.0	0.0	0.0	0.0	0.0
1483	0.0	0.0	0.0	0.0	0.0	0.0	0.0	0.0	0.0	0.0
1484	12.0	0.0	0.0	0.0	0.0	0.0	0.0	0.0	0.0	0.0
1485	0.0	0.0	0.0	0.0	0.0	0.0	0.0	0.0	0.0	0.0
1486	0.0	0.0	0.0	0.0	0.0	0.0	0.0	0.0	0.0	0.0
1487	109.0	0.0	0.0	0.0	0.0	0.0	0.0	0.0	0.0	0.0
1488	0.0	0.0	0.0	0.0	0.0	0.0	0.0	0.0	0.0	0.0
1489	0.0	0.0	0.0	0.0	0.0	0.0	0.0	0.0	0.0	0.0
1490	0.0	0.0	0.0	0.0	0.0	0.0	0.0	0.0	0.0	0.0
1491	0.0	0.0	0.0	0.0	0.0	0.0	0.0	0.0	0.0	0.0
1492	0.0	0.0	0.0	0.0	0.0	0.0	0.0	0.0	0.0	0.0
1493	0.0	0.0	0.0	0.0	0.0	0.0	0.0	0.0	0.0	0.0
1494	0.0	0.0	0.0	0.0	0.0	0.0	0.0	0.0	0.0	0.0
1495	0.0	0.0	0.0	0.0	0.0	0.0	0.0	0.0	0.0	0.0
1496	0.0	0.0	0.0	0.0	0.0	0.0	0.0	0.0	0.0	0.0
1497	0.0	0.0	0.0	0.0	0.0	0.0	0.0	0.0	0.0	0.0
1498	16.0	0.0	0.0	0.0	0.0	0.0	0.0	0.0	0.0	0.0
1499	0.0	0.0	0.0	0.0	0.0	0.0	0.0	0.0	0.0	0.0
1500	0.0	0.0	0.0	0.0	0.0	0.0	0.0	0.0	0.0	0.0
1501	0.0	0.0	0.0	0.0	0.0	0.0	0.0	0.0	0.0	0.0
1502	0.0	0.0	0.0	0.0	0.0	0.0	0.0	0.0	0.0	0.0
1503	0.0	0.0	0.0	0.0	0.0	0.0	0.0	0.0	0.0	0.0
1504	0.0	0.0	0.0	0.0	0.0	0.0	0.0	0.0	0.0	0.0
1505	0.0	0.0	0.0	0.0	0.0	0.0	0.0	0.0	0.0	0.0
1506	0.0	0.0	0.0	0.0	0.0	0.0	0.0	0.0	0.0	0.0
1507	0.0	0.0	0.0	0.0	0.0	0.0	0.0	0.0	0.0	0.0
1508	0.0	0.0	0.0	0.0	0.0	0.0	0.0	0.0	0.0	0.0
1509	0.0	0.0	0.0	0.0	0.0	0.0	0.0	0.0	0.0	0.0
1510	0.0	0.0	0.0	0.0	0.0	0.0	0.0	0.0	0.0	0.0
1511	0.0	0.0	0.0	0.0	0.0	0.0	0.0	0.0	0.0	0.0
1512	0.0	0.0	0.0	0.0	0.0	0.0	0.0	0.0	0.0	0.0
1513	0.0	0.0	0.0	0.0	0.0	0.0	0.0	0.0	0.0	0.0
1514	0.0	0.0	0.0	0.0	0.0	0.0	0.0	0.0	0.0	0.0
1515	0.0	0.0	0.0	0.0	0.0	0.0	0.0	0.0	0.0	0.0
1516	23.0	0.0	0.0	0.0	0.0	0.0	0.0	0.0	0.0	0.0
1517	0.0	0.0	0.0	0.0	0.0	0.0	0.0	0.0	0.0	0.0
1518	0.0	0.0	0.0	0.0	0.0	0.0	0.0	0.0	0.0	0.0
1519	0.0	0.0	0.0	0.0	0.0	0.0	0.0	0.0	0.0	0.0
1520	5.0	0.0	0.0	0.0	0.0	0.0	0.0	0.0	0.0	0.0
1521	0.0	0.0	0.0	0.0	0.0	0.0	0.0	0.0	0.0	0.0
1522	0.0	0.0	0.0	0.0	0.0	0.0	0.0	0.0	0.0	0.0
1523	0.0	0.0	0.0	0.0	0.0	0.0	0.0	0.0	0.0	0.0
1524	0.0	0.0	0.0	0.0	0.0	0.0	0.0	0.0	0.0	0.0
1525	0.0	0.0	0.0	0.0	0.0	0.0	0.0	0.0	0.0	0.0
1526	0.0	0.0	0.0	0.0	0.0	0.0	0.0	0.0	0.0	0.0
1527	0.0	0.0	0.0	0.0	0.0	0.0	0.0	0.0	0.0	0.0
1528	0.0	0.0	0.0	0.0	0.0	0.0	0.0	0.0	0.0	0.0
1529	0.0	0.0	0.0	0.0	0.0	0.0	0.0	0.0	0.0	0.0
1530	0.0	0.0	0.0	0.0	0.0	0.0	0.0	0.0	0.0	0.0
1531	0.0	0.0	0.0	0.0	0.0	0.0	0.0	0.0	0.0	0.0
1532	36.0	0.0	0.0	0.0	0.0	0.0	0.0	0.0	0.0	0.0
1533	0.0	0.0	0.0	0.0	0.0	0.0	0.0	0.0	0.0	0.0
1534	0.0	0.0	0.0	0.0	0.0	0.0	0.0	0.0	0.0	0.0
1535	30.0	0.0	0.0	0.0	0.0	0.0	0.0	0.0	0.0	0.0
1536	0.0	0.0	0.0	0.0	0.0	0.0	0.0	0.0	0.0	0.0
1537	0.0	0.0	0.0	0.0	0.0	0.0	0.0	0.0	0.0	0.0
1538	52.0	0.0	0.0	0.0	0.0	0.0	0.0	0.0	0.0	0.0
1539	0.0	0.0	0.0	0.0	0.0	0.0	0.0	0.0	0.0	0.0
1540	0.0	0.0	0.0	0.0	0.0	0.0	0.0	0.0	0.0	0.0
1541	0.0	0.0	0.0	0.0	0.0	0.0	0.0	0.0	0.0	0.0
1542	0.0	0.0	0.0	0.0	0.0	0.0	0.0	0.0	0.0	0.0
1543	0.0	0.0	0.0	0.0	0.0	0.0	0.0	0.0	0.0	0.0
1544	0.0	0.0	0.0	0.0	0.0	0.0	0.0	0.0	0.0	0.0
1545	0.0	0.0	0.0	0.0	0.0	0.0	0.0	0.0	0.0	0.0
1546	4.0	0.0	0.0	0.0	0.0	0.0	0.0	0.0	0.0	0.0
1547	56.0	0.0	0.0	0.0	0.0	0.0	0.0	0.0	0.0	0.0
1548	0.0	0.0	0.0	0.0	0.0	0.0	0.0	0.0	0.0	0.0
1549	0.0	0.0	0.0	0.0	0.0	0.0	0.0	0.0	0.0	0.0
1550	0.0	0.0	0.0	0.0	0.0	0.0	0.0	0.0	0.0	0.0
1551	0.0	0.0	0.0	0.0	0.0	0.0	0.0	0.0	0.0	0.0
1552	0.0	0.0	0.0	0.0	0.0	0.0	0.0	0.0	0.0	0.0
1553	0.0	0.0	0.0	0.0	0.0	0.0	0.0	0.0	0.0	0.0
1554	0.0	0.0	0.0	0.0	0.0	0.0	0.0	0.0	0.0	0.0
1555	0.0	0.0	0.0	0.0	0.0	0.0	0.0	0.0	0.0	0.0
1556	0.0	0.0	0.0	0.0	0.0	0.0	0.0	0.0	0.0	0.0
1557	0.0	0.0	0.0	0.0	0.0	0.0	0.0	0.0	0.0	0.0
1558	0.0	0.0	0.0	0.0	0.0	0.0	0.0	0.0	0.0	0.0
1559	2.0	0.0	0.0	0.0	0.0	0.0	0.0	0.0	0.0	0.0
1560	0.0	0.0	0.0	0.0	0.0	0.0	0.0	0.0	0.0	0.0
1561	0.0	0.0	0.0	0.0	0.0	0.0	0.0	0.0	0.0	0.0
1562	0.0	0.0	0.0	0.0	0.0	0.0	0.0	0.0	0.0	0.0
1563	43.0	0.0	0.0	0.0	0.0	0.0	0.0	0.0	0.0	0.0
1564	0.0	0.0	0.0	0.0	0.0	0.0	0.0	0.0	0.0	0.0
1565	0.0	0.0	0.0	0.0	0.0	0.0	0.0	0.0	0.0	0.0
1566	0.0	0.0	0.0	0.0	0.0	0.0	0.0	0.0	0.0	0.0
1567	0.0	0.0	0.0	0.0	0.0	0.0	0.0	0.0	0.0	0.0
1568	0.0	0.0	0.0	0.0	0.0	0.0	0.0	0.0	0.0	0.0
1569	0.0	0.0	0.0	0.0	0.0	0.0	0.0	0.0	0.0	0.0
1570	0.0	0.0	0.0	0.0	0.0	0.0	0.0	0.0	0.0	0.0
1571	0.0	0.0	0.0	0.0	0.0	0.0	0.0	0.0	0.0	0.0
1572	0.0	0.0	0.0	0.0	0.0	0.0	0.0	0.0	0.0	0.0
1573	0.0	0.0	0.0	0.0	0.0	0.0	0.0	0.0	0.0	0.0
1574	0.0	0.0	0.0	0.0	0.0	0.0	0.0	0.0	0.0	0.0
1575	5.0	0.0	0.0	0.0	0.0	0.0	0.0	0.0	0.0	0.0
1576	0.0	0.0	0.0	0.0	0.0	0.0	0.0	0.0	0.0	0.0
1577	0.0	0.0	0.0	0.0	0.0	0.0	0.0	0.0	0.0	0.0
1578	0.0	0.0	0.0	0.0	0.0	0.0	0.0	0.0	0.0	0.0
1579	0.0	0.0	0.0	0.0	0.0	0.0	0.0	0.0	0.0	0.0
1580	0.0	0.0	0.0	0.0	0.0	0.0	0.0	0.0	0.0	0.0
1581	0.0	0.0	0.0	0.0	0.0	0.0	0.0	0.0	0.0	0.0
1582	0.0	0.0	0.0	0.0	0.0	0.0	0.0	0.0	0.0	0.0
1583	0.0	0.0	0.0	0.0	0.0	0.0	0.0	0.0	0.0	0.0
1584	0.0	0.0	0.0	0.0	0.0	0.0	0.0	0.0	0.0	0.0
1585	0.0	0.0	0.0	0.0	0.0	0.0	0.0	0.0	0.0	0.0
1586	0.0	0.0	0.0	0.0	0.0	0.0	0.0	0.0	0.0	0.0
1587	0.0	0.0	0.0	0.0	0.0	0.0	0.0	0.0	0.0	0.0
1588	0.0	0.0	0.0	0.0	0.0	0.0	0.0	0.0	0.0	0.0
1589	0.0	0.0	0.0	0.0	0.0	0.0	0.0	0.0	0.0	0.0
1590	0.0	0.0	0.0	0.0	0.0	0.0	0.0	0.0	0.0	0.0
1591	0.0	0.0	0.0	0.0	0.0	0.0	0.0	0.0	0.0	0.0
1592	59.0	0.0	0.0	0.0	0.0	0.0	0.0	0.0	0.0	0.0
1593	0.0	0.0	0.0	0.0	0.0	0.0	0.0	0.0	0.0	0.0
1594	0.0	0.0	0.0	0.0	0.0	0.0	0.0	0.0	0.0	0.0
1595	70.0	0.0	0.0	0.0	0.0	0.0	0.0	0.0	0.0	0.0
1596	0.0	0.0	0.0	0.0	0.0	0.0	0.0	0.0	0.0	0.0
1597	0.0	0.0	0.0	0.0	0.0	0.0	0.0	0.0	0.0	0.0
1598	0.0	0.0	0.0	0.0	0.0	0.0	0.0	0.0	0.0	0.0
1599	0.0	0.0	0.0	0.0	0.0	0.0	0.0	0.0	0.0	0.0
1600	0.0	0.0	0.0	0.0	0.0	0.0	0.0	0.0	0.0	0.0
1601	0.0	0.0	0.0	0.0	0.0	0.0	0.0	0.0	0.0	0.0
1602	0.0	0.0	0.0	0.0	0.0	0.0	0.0	0.0	0.0	0.0
1603	0.0	0.0	0.0	0.0	0.0	0.0	0.0	0.0	0.0	0.0
1604	0.0	0.0	0.0	0.0	0.0	0.0	0.0	0.0	0.0	0.0
1605	0.0	0.0	0.0	0.0	0.0	0.0	0.0	0.0	0.0	0.0
1606	0.0	0.0	0.0	0.0	0.0	0.0	0.0	0.0	0.0	0.0
1607	0.0	0.0	0.0	0.0	0.0	0.0	0.0	0.0	0.0	0.0
1608	8.0	0.0	0.0	0.0	0.0	0.0	0.0	0.0	0.0	0.0
1609	0.0	0.0	0.0	0.0	0.0	0.0	0.0	0.0	0.0	0.0
1610	0.0	0.0	0.0	0.0	0.0	0.0	0.0	0.0	0.0	0.0
1611	0.0	0.0	0.0	0.0	0.0	0.0	0.0	0.0	0.0	0.0
1612	0.0	0.0	0.0	0.0	0.0	0.0	0.0	0.0	0.0	0.0
1613	0.0	0.0	0.0	0.0	0.0	0.0	0.0	0.0	0.0	0.0
1614	0.0	0.0	0.0	0.0	0.0	0.0	0.0	0.0	0.0	0.0
1615	0.0	0.0	0.0	0.0	0.0	0.0	0.0	0.0	0.0	0.0
1616	0.0	0.0	0.0	0.0	0.0	0.0	0.0	0.0	0.0	0.0
1617	0.0	0.0	0.0	0.0	0.0	0.0	0.0	0.0	0.0	0.0
1618	0.0	0.0	0.0	0.0	0.0	0.0	0.0	0.0	0.0	0.0
1619	0.0	0.0	0.0	0.0	0.0	0.0	0.0	0.0	0.0	0.0
1620	0.0	0.0	0.0	0.0	0.0	0.0	0.0	0.0	0.0	0.0
1621	0.0	0.0	0.0	0.0	0.0	0.0	0.0	0.0	0.0	0.0
1622	0.0	0.0	0.0	0.0	0.0	0.0	0.0	0.0	0.0	0.0
1623	12.0	0.0	0.0	0.0	0.0	0.0	0.0	0.0	0.0	0.0
1624	5.0	0.0	0.0	0.0	0.0	0.0	0.0	0.0	0.0	0.0
1625	0.0	0.0	0.0	0.0	0.0	0.0	0.0	0.0	0.0	0.0
1626	0.0	0.0	0.0	0.0	0.0	0.0	0.0	0.0	0.0	0.0
1627	0.0	0.0	0.0	0.0	0.0	0.0	0.0	0.0	0.0	0.0
1628	0.0	0.0	0.0	0.0	0.0	0.0	0.0	0.0	0.0	0.0
1629	0.0	0.0	0.0	0.0	0.0	0.0	0.0	0.0	0.0	0.0
1630	0.0	0.0	0.0	0.0	0.0	0.0	0.0	0.0	0.0	0.0
1631	0.0	0.0	0.0	0.0	0.0	0.0	0.0	0.0	0.0	0.0
1632	0.0	0.0	0.0	0.0	0.0	0.0	0.0	0.0	0.0	0.0
1633	0.0	0.0	0.0	0.0	0.0	0.0	0.0	0.0	0.0	0.0
1634	0.0	0.0	0.0	0.0	0.0	0.0	0.0	0.0	0.0	0.0
1635	0.0	0.0	0.0	0.0	0.0	0.0	0.0	0.0	0.0	0.0
1636	0.0	0.0	0.0	0.0	0.0	0.0	0.0	0.0	0.0	0.0
1637	0.0	0.0	0.0	0.0	0.0	0.0	0.0	0.0	0.0	0.0
1638	0.0	0.0	0.0	0.0	0.0	0.0	0.0	0.0	0.0	0.0
1639	0.0	0.0	0.0	0.0	0.0	0.0	0.0	0.0	0.0	0.0
1640	0.0	0.0	0.0	0.0	0.0	0.0	0.0	0.0	0.0	0.0
1641	0.0	0.0	0.0	0.0	0.0	0.0	0.0	0.0	0.0	0.0
1642	0.0	0.0	0.0	0.0	0.0	0.0	0.0	0.0	0.0	0.0
